Date,Max.Demand met during the day (MW)
2013-04-02,258.0
2013-04-03,-43.0
2013-04-04,134.0
2013-04-05,35.0
2013-04-06,-7.0
2013-04-07,-98.0
2013-04-08,-62.0
2013-04-09,335.0
2013-04-10,-14.0
2013-04-11,199.0
2013-04-12,-22.0
2013-04-13,20.0
2013-04-14,-358.0
2013-04-15,27.0
2013-04-16,378.0
2013-04-17,88.0
2013-04-18,12.0
2013-04-19,93.0
2013-04-20,-217.0
2013-04-21,58.0
2013-04-22,-345.0
2013-04-23,288.0
2013-04-24,66.0
2013-04-25,91.0
2013-04-26,245.0
2013-04-27,-66.0
2013-04-28,-301.0
2013-04-29,-73.0
2013-04-30,383.0
2013-05-01,246.0
2013-05-02,-273.0
2013-05-03,65.0
2013-05-04,13.0
2013-05-05,-1.0
2013-05-06,83.0
2013-05-07,312.0
2013-05-08,26.0
2013-05-09,137.0
2013-05-10,66.0
2013-05-11,-7.0
2013-05-12,-396.0
2013-05-13,-376.0
2013-05-14,380.0
2013-05-15,206.0
2013-05-16,74.0
2013-05-17,86.0
2013-05-18,57.0
2013-05-19,-197.0
2013-05-20,3.0
2013-05-21,329.0
2013-05-22,179.0
2013-05-23,3.0
2013-05-24,101.0
2013-05-25,177.0
2013-05-26,-267.0
2013-05-27,-167.0
2013-05-28,459.0
2013-05-29,-197.0
2013-05-30,-20.0
2013-05-31,-624.417307692308
2013-06-01,465.417307692308
2013-06-02,-332.0
2013-06-03,20.0
2013-06-04,-153.417307692308
2013-06-05,653.417307692308
2013-06-06,151.0
2013-06-07,406.0
2013-06-08,-476.0
2013-06-09,-39.0
2013-06-10,-144.0
2013-06-11,231.0
2013-06-12,-301.0
2013-06-13,207.0
2013-06-14,-347.0
2013-06-15,-58.0
2013-06-16,-273.0
2013-06-17,-776.0
2013-06-18,46.0
2013-06-19,215.0
2013-06-20,266.0
2013-06-21,463.0
2013-06-22,231.0
2013-06-23,-21.0
2013-06-24,109.0
2013-06-25,464.0
2013-06-26,-365.0
2013-06-27,-132.0
2013-06-28,181.0
2013-06-29,-691.417307692308
2013-06-30,480.417307692308
2013-07-01,-116.0
2013-07-02,349.0
2013-07-03,268.0
2013-07-04,-261.0
2013-07-05,120.0
2013-07-06,-16.0
2013-07-07,-438.0
2013-07-08,-95.0
2013-07-09,310.0
2013-07-10,-172.0
2013-07-11,-298.0
2013-07-12,272.0
2013-07-13,-180.0
2013-07-14,-9.0
2013-07-15,-175.0
2013-07-16,552.0
2013-07-17,-152.0
2013-07-18,178.0
2013-07-19,79.0
2013-07-20,-33.0
2013-07-21,-702.0
2013-07-22,-67.0
2013-07-23,72.0
2013-07-24,360.0
2013-07-25,266.0
2013-07-26,-388.0
2013-07-27,45.0
2013-07-28,-249.417307692308
2013-07-29,318.417307692308
2013-07-30,257.0
2013-07-31,-104.0
2013-08-01,-320.0
2013-08-02,138.0
2013-08-03,137.0
2013-08-04,-74.0
2013-08-05,144.0
2013-08-06,-204.0
2013-08-07,-452.0
2013-08-08,21.0
2013-08-09,-58.0
2013-08-10,-495.0
2013-08-11,216.0
2013-08-12,194.0
2013-08-13,330.0
2013-08-14,-64.0
2013-08-15,15.582692307692014
2013-08-16,-600.582692307692
2013-08-17,334.0
2013-08-18,-307.0
2013-08-19,-11.0
2013-08-20,309.0
2013-08-21,-270.0
2013-08-22,356.0
2013-08-23,-13.0
2013-08-24,293.0
2013-08-25,95.0
2013-08-26,-42.0
2013-08-27,430.0
2013-08-28,-71.0
2013-08-29,-502.417307692308
2013-08-30,0.0
2013-08-31,69.41730769230799
2013-09-01,-197.0
2013-09-02,186.0
2013-09-03,276.0
2013-09-04,-1.0
2013-09-05,-116.0
2013-09-06,63.0
2013-09-07,7.0
2013-09-08,-113.0
2013-09-09,-280.0
2013-09-10,122.0
2013-09-11,286.0
2013-09-12,129.0
2013-09-13,-103.0
2013-09-14,65.0
2013-09-15,-393.417307692308
2013-09-16,147.417307692308
2013-09-17,-43.0
2013-09-18,-87.0
2013-09-19,56.0
2013-09-20,126.0
2013-09-21,-199.417307692308
2013-09-22,-374.582692307692
2013-09-23,-29.0
2013-09-24,403.582692307692
2013-09-25,187.417307692308
2013-09-26,-196.0
2013-09-27,-38.0
2013-09-28,139.0
2013-09-29,-252.0
2013-09-30,-296.0
2013-10-01,178.0
2013-10-02,57.0
2013-10-03,-566.0
2013-10-04,541.0
2013-10-05,-368.0
2013-10-06,86.0
2013-10-07,-71.0
2013-10-08,295.0
2013-10-09,146.0
2013-10-10,27.0
2013-10-11,48.0
2013-10-12,-597.0
2013-10-13,13.0
2013-10-14,-637.0
2013-10-15,864.0
2013-10-16,439.582692307692
2013-10-17,-553.582692307692
2013-10-18,127.0
2013-10-19,27.0
2013-10-20,-293.0
2013-10-21,-352.0
2013-10-22,323.0
2013-10-23,-83.0
2013-10-24,66.0
2013-10-25,70.0
2013-10-26,-35.0
2013-10-27,-271.0
2013-10-28,-233.0
2013-10-29,255.0
2013-10-30,196.0
2013-10-31,-85.0
2013-11-01,28.0
2013-11-02,3.0
2013-11-03,-300.0
2013-11-04,-320.0
2013-11-05,-119.0
2013-11-06,152.0
2013-11-07,246.0
2013-11-08,-21.0
2013-11-09,-96.0
2013-11-10,-80.0
2013-11-11,-157.0
2013-11-12,326.0
2013-11-13,-57.0
2013-11-14,-20.0
2013-11-15,61.0
2013-11-16,19.0
2013-11-17,-228.0
2013-11-18,64.0
2013-11-19,79.0
2013-11-20,0.0
2013-11-21,-30.0
2013-11-22,101.0
2013-11-23,-34.0
2013-11-24,-134.0
2013-11-25,-15.0
2013-11-26,65.0
2013-11-27,56.0
2013-11-28,-7.0
2013-11-29,81.0
2013-11-30,-48.0
2013-12-01,-136.0
2013-12-02,-3.0
2013-12-03,59.0
2013-12-04,48.0
2013-12-05,-307.0
2013-12-06,336.0
2013-12-07,81.0
2013-12-08,-122.0
2013-12-09,69.0
2013-12-10,-64.0
2013-12-11,6.0
2013-12-12,73.0
2013-12-13,30.0
2013-12-14,63.0
2013-12-15,-11.0
2013-12-16,-103.0
2013-12-17,95.0
2013-12-18,-20.0
2013-12-19,-332.0
2013-12-20,385.0
2013-12-21,104.0
2013-12-22,-60.0
2013-12-23,22.0
2013-12-24,156.0
2013-12-25,-157.0
2013-12-26,142.0
2013-12-27,8.0
2013-12-28,147.0
2013-12-29,-113.0
2013-12-30,-118.0
2013-12-31,257.0
2014-01-01,46.0
2014-01-02,100.0
2014-01-03,-28.0
2014-01-04,143.0
2014-01-05,-300.0
2014-01-06,-38.0
2014-01-07,183.0
2014-01-08,131.0
2014-01-09,-109.0
2014-01-10,19.0
2014-01-11,-146.0
2014-01-12,47.0
2014-01-13,-149.0
2014-01-14,223.0
2014-01-15,-78.0
2014-01-16,106.0
2014-01-17,-10.0
2014-01-18,97.0
2014-01-19,-333.0
2014-01-20,157.0
2014-01-21,71.0
2014-01-22,-131.0
2014-01-23,160.0
2014-01-24,-106.0
2014-01-25,151.0
2014-01-26,-157.0
2014-01-27,-448.0
2014-01-28,314.0
2014-01-29,-11.0
2014-01-30,-59.0
2014-01-31,-8.0
2014-02-01,220.0
2014-02-02,-129.0
2014-02-03,-2.0
2014-02-04,-183.0
2014-02-05,24.0
2014-02-06,-16.0
2014-02-07,-108.0
2014-02-08,132.0
2014-02-09,11.0
2014-02-10,-18.0
2014-02-11,13.0
2014-02-12,-59.0
2014-02-13,74.0
2014-02-14,-1.0
2014-02-15,86.0
2014-02-16,75.0
2014-02-17,-61.0
2014-02-18,56.0
2014-02-19,-94.0
2014-02-20,39.0
2014-02-21,-106.0
2014-02-22,107.0
2014-02-23,-211.0
2014-02-24,19.0
2014-02-25,92.0
2014-02-26,-225.0
2014-02-27,42.0
2014-02-28,83.0
2014-03-01,-72.0
2014-03-02,-25.0
2014-03-03,-231.0
2014-03-04,333.0
2014-03-05,-19.0
2014-03-06,-62.0
2014-03-07,-89.0
2014-03-08,98.0
2014-03-09,-252.0
2014-03-10,-38.0
2014-03-11,23.0
2014-03-12,182.0
2014-03-13,-35.0
2014-03-14,-17.0
2014-03-15,139.0
2014-03-16,-305.0
2014-03-17,-142.0
2014-03-18,-585.0
2014-03-19,459.0
2014-03-20,276.0
2014-03-21,-5.0
2014-03-22,102.0
2014-03-23,-66.0
2014-03-24,-253.0
2014-03-25,299.0
2014-03-26,-9.0
2014-03-27,70.0
2014-03-28,-52.0
2014-03-29,79.0
2014-03-30,-87.0
2014-03-31,-253.0
2014-04-01,244.0
2014-04-02,38.0
2014-04-03,70.0
2014-04-04,47.0
2014-04-05,83.0
2014-04-06,-139.0
2014-04-07,-13.0
2014-04-08,213.0
2014-04-09,-184.0
2014-04-10,91.0
2014-04-11,-551.0
2014-04-12,651.0
2014-04-13,-12.0
2014-04-14,-298.0
2014-04-15,304.0
2014-04-16,239.0
2014-04-17,-76.0
2014-04-18,-28.0
2014-04-19,-205.0
2014-04-20,-54.0
2014-04-21,-96.0
2014-04-22,335.0
2014-04-23,51.0
2014-04-24,10.0
2014-04-25,178.0
2014-04-26,128.0
2014-04-27,-124.0
2014-04-28,-125.0
2014-04-29,435.0
2014-04-30,78.0
2014-05-01,262.0
2014-05-02,-7.0
2014-05-03,223.0
2014-05-04,-319.0
2014-05-05,77.0
2014-05-06,72.0
2014-05-07,-54.0
2014-05-08,190.0
2014-05-09,133.0
2014-05-10,-320.0
2014-05-11,-333.0
2014-05-12,-80.0
2014-05-13,10.0
2014-05-14,-165.0
2014-05-15,-212.0
2014-05-16,266.0
2014-05-17,257.0
2014-05-18,-107.0
2014-05-19,53.0
2014-05-20,178.0
2014-05-21,125.0
2014-05-22,114.0
2014-05-23,185.0
2014-05-24,147.0
2014-05-25,-377.0
2014-05-26,-422.0
2014-05-27,378.0
2014-05-28,208.0
2014-05-29,239.0
2014-05-30,100.0
2014-05-31,385.0
2014-06-01,-1038.0
2014-06-02,-48.0
2014-06-03,359.0
2014-06-04,210.0
2014-06-05,166.0
2014-06-06,353.0
2014-06-07,-161.0
2014-06-08,-136.0
2014-06-09,-218.0
2014-06-10,259.0
2014-06-11,192.0
2014-06-12,68.0
2014-06-13,-124.0
2014-06-14,-458.0
2014-06-15,-401.0
2014-06-16,135.0
2014-06-17,684.0
2014-06-18,227.0
2014-06-19,58.0
2014-06-20,-14.0
2014-06-21,56.0
2014-06-22,-344.0
2014-06-23,-117.0
2014-06-24,96.0
2014-06-25,69.0
2014-06-26,-191.0
2014-06-27,209.0
2014-06-28,86.0
2014-06-29,-165.0
2014-06-30,-182.0
2014-07-01,322.0
2014-07-02,-97.0
2014-07-03,-382.0
2014-07-04,-236.0
2014-07-05,479.0
2014-07-06,-34.0
2014-07-07,-273.0
2014-07-08,522.0
2014-07-09,159.0
2014-07-10,167.0
2014-07-11,171.0
2014-07-12,29.0
2014-07-13,-257.0
2014-07-14,-203.0
2014-07-15,337.0
2014-07-16,197.0
2014-07-17,-242.0
2014-07-18,-199.0
2014-07-19,-840.0
2014-07-20,72.0
2014-07-21,175.0
2014-07-22,490.0
2014-07-23,-92.0
2014-07-24,-228.0
2014-07-25,-92.0
2014-07-26,-55.0
2014-07-27,191.0
2014-07-28,-81.0
2014-07-29,-71.0
2014-07-30,-379.0
2014-07-31,440.0
2014-08-01,218.0
2014-08-02,121.0
2014-08-03,-356.0
2014-08-04,-113.0
2014-08-05,295.0
2014-08-06,-170.0
2014-08-07,138.0
2014-08-08,-113.0
2014-08-09,-78.0
2014-08-10,-111.0
2014-08-11,-296.0
2014-08-12,292.0
2014-08-13,403.0
2014-08-14,50.0
2014-08-15,-69.0
2014-08-16,-710.0
2014-08-17,179.0
2014-08-18,-83.0
2014-08-19,365.0
2014-08-20,225.0
2014-08-21,117.0
2014-08-22,-95.0
2014-08-23,151.0
2014-08-24,-52.0
2014-08-25,-39.0
2014-08-26,211.0
2014-08-27,-67.0
2014-08-28,109.0
2014-08-29,-350.0
2014-08-30,-170.0
2014-08-31,-342.0
2014-09-01,-346.0
2014-09-02,192.0
2014-09-03,-45.0
2014-09-04,-19.0
2014-09-05,-36.0
2014-09-06,-53.0
2014-09-07,-288.0
2014-09-08,318.0
2014-09-09,295.0
2014-09-10,159.0
2014-09-11,-172.0
2014-09-12,-399.0
2014-09-13,-57.0
2014-09-14,87.0
2014-09-15,-334.0
2014-09-16,571.0
2014-09-17,-30.0
2014-09-18,276.0
2014-09-19,125.0
2014-09-20,-85.0
2014-09-21,-75.0
2014-09-22,-160.0
2014-09-23,235.0
2014-09-24,-221.0
2014-09-25,38.0
2014-09-26,-95.0
2014-09-27,11.0
2014-09-28,-140.0
2014-09-29,8.0
2014-09-30,104.0
2014-10-01,53.0
2014-10-02,-70.0
2014-10-03,-331.0
2014-10-04,-92.0
2014-10-05,292.0
2014-10-06,-57.0
2014-10-07,189.0
2014-10-08,87.0
2014-10-09,-215.0
2014-10-10,-157.0
2014-10-11,-119.0
2014-10-12,-205.0
2014-10-13,-314.0
2014-10-14,339.0
2014-10-15,-143.0
2014-10-16,20.0
2014-10-17,-151.0
2014-10-18,33.0
2014-10-19,-264.0
2014-10-20,-222.0
2014-10-21,468.0
2014-10-22,81.0
2014-10-23,-130.0
2014-10-24,-322.0
2014-10-25,-101.0
2014-10-26,87.0
2014-10-27,-99.0
2014-10-28,357.0
2014-10-29,21.0
2014-10-30,-224.0
2014-10-31,209.0
2014-11-01,-24.0
2014-11-02,-370.0
2014-11-03,-110.0
2014-11-04,228.0
2014-11-05,-50.0
2014-11-06,96.0
2014-11-07,-109.0
2014-11-08,306.0
2014-11-09,-258.0
2014-11-10,-10.0
2014-11-11,59.0
2014-11-12,-39.0
2014-11-13,-19.0
2014-11-14,-72.0
2014-11-15,-61.0
2014-11-16,-118.0
2014-11-17,-14.0
2014-11-18,160.0
2014-11-19,26.0
2014-11-20,26.0
2014-11-21,49.0
2014-11-22,-24.0
2014-11-23,-138.0
2014-11-24,8.0
2014-11-25,95.0
2014-11-26,-61.0
2014-11-27,95.0
2014-11-28,27.0
2014-11-29,45.0
2014-11-30,-135.0
2014-12-01,-14.0
2014-12-02,-59.0
2014-12-03,-68.0
2014-12-04,338.0
2014-12-05,-248.0
2014-12-06,183.0
2014-12-07,-203.0
2014-12-08,-85.0
2014-12-09,150.0
2014-12-10,-13.0
2014-12-11,65.0
2014-12-12,-46.0
2014-12-13,68.0
2014-12-14,73.0
2014-12-15,4.0
2014-12-16,-38.0
2014-12-17,9.0
2014-12-18,178.0
2014-12-19,48.0
2014-12-20,164.0
2014-12-21,-14.0
2014-12-22,-36.0
2014-12-23,232.0
2014-12-24,94.0
2014-12-25,-49.0
2014-12-26,112.0
2014-12-27,223.0
2014-12-28,0.0
2014-12-29,-11.0
2014-12-30,42.0
2014-12-31,-197.0
2015-01-01,134.0
2015-01-02,-120.0
2015-01-03,-412.0
2015-01-04,298.0
2015-01-05,-268.0
2015-01-06,296.0
2015-01-07,9.0
2015-01-08,187.0
2015-01-09,-13.0
2015-01-10,225.0
2015-01-11,-394.0
2015-01-12,-66.0
2015-01-13,187.0
2015-01-14,-38.0
2015-01-15,125.0
2015-01-16,-76.0
2015-01-17,137.0
2015-01-18,-324.0
2015-01-19,-48.0
2015-01-20,102.0
2015-01-21,-33.0
2015-01-22,87.0
2015-01-23,-120.0
2015-01-24,142.0
2015-01-25,-113.0
2015-01-26,-206.0
2015-01-27,-598.0
2015-01-28,734.0
2015-01-29,31.0
2015-01-30,-102.0
2015-01-31,245.0
2015-02-01,-243.0
2015-02-02,-67.0
2015-02-03,35.0
2015-02-04,10.0
2015-02-05,13.0
2015-02-06,-52.0
2015-02-07,108.0
2015-02-08,-665.0
2015-02-09,316.0
2015-02-10,17.0
2015-02-11,-14.0
2015-02-12,20.0
2015-02-13,-47.0
2015-02-14,109.0
2015-02-15,-144.0
2015-02-16,-125.0
2015-02-17,-80.0
2015-02-18,212.0
2015-02-19,-276.0
2015-02-20,27.0
2015-02-21,173.0
2015-02-22,-272.0
2015-02-23,17.0
2015-02-24,14.0
2015-02-25,88.0
2015-02-26,99.0
2015-02-27,-143.0
2015-02-28,88.0
2015-03-01,-105.0
2015-03-02,-368.0
2015-03-03,311.0
2015-03-04,178.0
2015-03-05,105.0
2015-03-06,-46.0
2015-03-07,-934.0
2015-03-08,422.0
2015-03-09,213.0
2015-03-10,108.0
2015-03-11,98.0
2015-03-12,16.0
2015-03-13,-33.0
2015-03-14,104.0
2015-03-15,-174.0
2015-03-16,-68.0
2015-03-17,107.0
2015-03-18,38.0
2015-03-19,90.0
2015-03-20,-72.0
2015-03-21,65.0
2015-03-22,-274.0
2015-03-23,-122.0
2015-03-24,288.0
2015-03-25,92.0
2015-03-26,154.0
2015-03-27,150.0
2015-03-28,-42.0
2015-03-29,-279.0
2015-03-30,-365.0
2015-03-31,342.0
2015-04-01,83.0
2015-04-02,72.0
2015-04-03,-15.0
2015-04-04,-35.0
2015-04-05,-272.0
2015-04-06,-136.0
2015-04-07,353.0
2015-04-08,-27.0
2015-04-09,81.0
2015-04-10,78.0
2015-04-11,81.0
2015-04-12,-54.0
2015-04-13,-367.0
2015-04-14,270.0
2015-04-15,53.0
2015-04-16,134.0
2015-04-17,60.0
2015-04-18,16.0
2015-04-19,-54.0
2015-04-20,-12.0
2015-04-21,402.0
2015-04-22,106.0
2015-04-23,18.0
2015-04-24,71.0
2015-04-25,229.0
2015-04-26,-455.0
2015-04-27,-224.0
2015-04-28,436.0
2015-04-29,120.0
2015-04-30,49.0
2015-05-01,161.0
2015-05-02,-140.0
2015-05-03,54.582692307692014
2015-05-04,-401.582692307692
2015-05-05,232.0
2015-05-06,352.0
2015-05-07,144.0
2015-05-08,245.0
2015-05-09,131.0
2015-05-10,-329.0
2015-05-11,83.0
2015-05-12,116.0
2015-05-13,196.0
2015-05-14,-177.0
2015-05-15,-531.0
2015-05-16,-106.0
2015-05-17,11.0
2015-05-18,181.0
2015-05-19,502.0
2015-05-20,-63.0
2015-05-21,-179.0
2015-05-22,183.0
2015-05-23,61.0
2015-05-24,-43.0
2015-05-25,47.0
2015-05-26,201.0
2015-05-27,150.0
2015-05-28,-186.0
2015-05-29,98.0
2015-05-30,46.0
2015-05-31,-149.0
2015-06-01,-59.0
2015-06-02,-283.0
2015-06-03,-141.0
2015-06-04,-499.0
2015-06-05,306.0
2015-06-06,198.0
2015-06-07,24.0
2015-06-08,278.0
2015-06-09,308.0
2015-06-10,59.0
2015-06-11,348.0
2015-06-12,-86.0
2015-06-13,-130.0
2015-06-14,-121.0
2015-06-15,-926.0
2015-06-16,-67.0
2015-06-17,466.0
2015-06-18,203.0
2015-06-19,262.0
2015-06-20,374.0
2015-06-21,-46.0
2015-06-22,-494.0
2015-06-23,-6.0
2015-06-24,280.0
2015-06-25,-297.0
2015-06-26,-830.0
2015-06-27,483.0
2015-06-28,57.0
2015-06-29,418.0
2015-06-30,-20.0
2015-07-01,-189.0
2015-07-02,187.0
2015-07-03,189.0
2015-07-04,-1060.417307692308
2015-07-05,1095.417307692308
2015-07-06,128.0
2015-07-07,-160.0
2015-07-08,-551.0
2015-07-09,273.0
2015-07-10,-256.0
2015-07-11,-211.0
2015-07-12,-811.0
2015-07-13,492.582692307692
2015-07-14,0.0
2015-07-15,425.417307692308
2015-07-16,381.0
2015-07-17,198.0
2015-07-18,-316.0
2015-07-19,-156.0
2015-07-20,-331.0
2015-07-21,81.0
2015-07-22,340.0
2015-07-23,100.0
2015-07-24,115.0
2015-07-25,35.0
2015-07-26,-187.0
2015-07-27,-178.0
2015-07-28,-65.0
2015-07-29,-312.0
2015-07-30,-65.0
2015-07-31,0.0
2015-08-01,-60.0
2015-08-02,346.0
2015-08-03,-308.0
2015-08-04,522.0
2015-08-05,68.0
2015-08-06,-57.0
2015-08-07,-88.0
2015-08-08,51.0
2015-08-09,-517.0
2015-08-10,-148.0
2015-08-11,372.0
2015-08-12,43.0
2015-08-13,0.0
2015-08-14,363.0
2015-08-15,-147.0
2015-08-16,-189.0
2015-08-17,-504.0
2015-08-18,561.0
2015-08-19,153.0
2015-08-20,-33.0
2015-08-21,-67.0
2015-08-22,145.0
2015-08-23,-376.0
2015-08-24,-76.0
2015-08-25,493.0
2015-08-26,192.0
2015-08-27,67.0
2015-08-28,85.0
2015-08-29,-68.0
2015-08-30,-150.0
2015-08-31,-109.0
2015-09-01,292.0
2015-09-02,-29.0
2015-09-03,-138.0
2015-09-04,-32.0
2015-09-05,-155.0
2015-09-06,-37.0
2015-09-07,-25.0
2015-09-08,132.0
2015-09-09,71.0
2015-09-10,-6.0
2015-09-11,-72.0
2015-09-12,91.0
2015-09-13,-96.0
2015-09-14,91.0
2015-09-15,199.0
2015-09-16,156.0
2015-09-17,-153.0
2015-09-18,-68.0
2015-09-19,-30.0
2015-09-20,-234.0
2015-09-21,-110.0
2015-09-22,97.0
2015-09-23,-72.0
2015-09-24,-318.0
2015-09-25,-195.0
2015-09-26,-285.0
2015-09-27,122.0
2015-09-28,34.0
2015-09-29,150.0
2015-09-30,-114.0
2015-10-01,-165.0
2015-10-02,138.0
2015-10-03,-341.0
2015-10-04,163.0
2015-10-05,-102.0
2015-10-06,306.0
2015-10-07,36.0
2015-10-08,144.0
2015-10-09,-130.0
2015-10-10,138.0
2015-10-11,-370.0
2015-10-12,-23.0
2015-10-13,249.0
2015-10-14,8.0
2015-10-15,-3.0
2015-10-16,-75.0
2015-10-17,-55.0
2015-10-18,-197.0
2015-10-19,-211.0
2015-10-20,300.0
2015-10-21,38.0
2015-10-22,-89.0
2015-10-23,-785.0
2015-10-24,529.0
2015-10-25,-329.0
2015-10-26,-72.0
2015-10-27,292.0
2015-10-28,-50.0
2015-10-29,-326.0
2015-10-30,61.0
2015-10-31,30.0
2015-11-01,-116.0
2015-11-02,-193.0
2015-11-03,332.0
2015-11-04,53.0
2015-11-05,3.0
2015-11-06,-11.0
2015-11-07,34.0
2015-11-08,-249.0
2015-11-09,-188.0
2015-11-10,254.0
2015-11-11,-64.0
2015-11-12,-368.0
2015-11-13,-274.0
2015-11-14,348.0
2015-11-15,132.0
2015-11-16,-168.0
2015-11-17,272.0
2015-11-18,-110.0
2015-11-19,112.0
2015-11-20,55.0
2015-11-21,87.0
2015-11-22,-291.0
2015-11-23,-11.0
2015-11-24,117.0
2015-11-25,0.0
2015-11-26,-56.0
2015-11-27,115.0
2015-11-28,-36.0
2015-11-29,-147.0
2015-11-30,41.0
2015-12-01,135.0
2015-12-02,-20.0
2015-12-03,-1.0
2015-12-04,-12.0
2015-12-05,168.0
2015-12-06,-256.0
2015-12-07,89.0
2015-12-08,46.0
2015-12-09,-29.0
2015-12-10,103.0
2015-12-11,-52.0
2015-12-12,144.0
2015-12-13,-115.0
2015-12-14,30.0
2015-12-15,85.0
2015-12-16,45.0
2015-12-17,46.0
2015-12-18,30.0
2015-12-19,180.0
2015-12-20,-199.0
2015-12-21,69.0
2015-12-22,90.0
2015-12-23,44.0
2015-12-24,111.0
2015-12-25,-9.0
2015-12-26,116.0
2015-12-27,-313.0
2015-12-28,14.0
2015-12-29,122.0
2015-12-30,-55.0
2015-12-31,-48.0
2016-01-01,764.582692307692
2016-01-02,0.0
2016-01-03,0.0
2016-01-04,0.0
2016-01-05,0.0
2016-01-06,0.0
2016-01-07,0.0
2016-01-08,0.0
2016-01-09,0.0
2016-01-10,0.0
2016-01-11,0.0
2016-01-12,0.0
2016-01-13,0.0
2016-01-14,0.0
2016-01-15,0.0
2016-01-16,0.0
2016-01-17,0.0
2016-01-18,0.0
2016-01-19,0.0
2016-01-20,0.0
2016-01-21,0.0
2016-01-22,0.0
2016-01-23,0.0
2016-01-24,0.0
2016-01-25,0.0
2016-01-26,0.0
2016-01-27,0.0
2016-01-28,0.0
2016-01-29,0.0
2016-01-30,0.0
2016-01-31,0.0
2016-02-01,-801.582692307692
2016-02-02,0.0
2016-02-03,1.0
2016-02-04,101.0
2016-02-05,5.0
2016-02-06,78.0
2016-02-07,-278.0
2016-02-08,30.0
2016-02-09,114.0
2016-02-10,2.0
2016-02-11,29.0
2016-02-12,-141.0
2016-02-13,139.0
2016-02-14,-171.0
2016-02-15,-43.0
2016-02-16,65.0
2016-02-17,-88.0
2016-02-18,123.0
2016-02-19,-211.0
2016-02-20,197.0
2016-02-21,-421.0
2016-02-22,-13.0
2016-02-23,80.0
2016-02-24,0.0
2016-02-25,44.0
2016-02-26,20.0
2016-02-27,178.0
2016-02-28,-286.0
2016-02-29,-91.0
2016-03-01,121.0
2016-03-02,614.0
2016-03-03,-542.0
2016-03-04,6.0
2016-03-05,136.0
2016-03-06,-239.0
2016-03-07,-259.0
2016-03-08,1501.582692307692
2016-03-09,-1197.582692307692
2016-03-10,180.0
2016-03-11,-69.0
2016-03-12,103.0
2016-03-13,-253.0
2016-03-14,-148.0
2016-03-15,150.0
2016-03-16,104.0
2016-03-17,2.0
2016-03-18,-106.0
2016-03-19,250.0
2016-03-20,-136.0
2016-03-21,-229.0
2016-03-22,239.0
2016-03-23,-58.0
2016-03-24,1168.582692307692
2016-03-25,-1968.582692307692
2016-03-26,1968.582692307692
2016-03-27,-1328.582692307692
2016-03-28,-82.0
2016-03-29,319.0
2016-03-30,54.0
2016-03-31,135.0
2016-04-01,129.0
2016-04-02,113.0
2016-04-03,-159.0
2016-04-04,50.0
2016-04-05,389.0
2016-04-06,-11.0
2016-04-07,-32.0
2016-04-08,-23.0
2016-04-09,-66.0
2016-04-10,-271.0
2016-04-11,-111.0
2016-04-12,275.0
2016-04-13,0.0
2016-04-14,124.0
2016-04-15,-26.0
2016-04-16,163.0
2016-04-17,200.0
2016-04-18,89.0
2016-04-19,369.0
2016-04-20,96.0
2016-04-21,-322.0
2016-04-22,223.0
2016-04-23,0.0
2016-04-24,-449.0
2016-04-25,-174.0
2016-04-26,241.0
2016-04-27,129.0
2016-04-28,-11.0
2016-04-29,196.0
2016-04-30,83.0
2016-05-01,-219.0
2016-05-02,75.0
2016-05-03,431.0
2016-05-04,182.0
2016-05-05,-212.0
2016-05-06,-253.0
2016-05-07,-67.0
2016-05-08,-16.0
2016-05-09,155.0
2016-05-10,149.0
2016-05-11,154.0
2016-05-12,-3.0
2016-05-13,205.0
2016-05-14,90.0
2016-05-15,-113.0
2016-05-16,32.0
2016-05-17,118.0
2016-05-18,186.0
2016-05-19,24.0
2016-05-20,400.0
2016-05-21,133.0
2016-05-22,-348.0
2016-05-23,-188.0
2016-05-24,-14.0
2016-05-25,-568.0
2016-05-26,202.0
2016-05-27,127.0
2016-05-28,95.0
2016-05-29,75.0
2016-05-30,-906.0
2016-05-31,-402.0
2016-06-01,711.0
2016-06-02,306.0
2016-06-03,345.0
2016-06-04,205.0
2016-06-05,-100.0
2016-06-06,-8.0
2016-06-07,274.0
2016-06-08,-266.0
2016-06-09,170.0
2016-06-10,-163.0
2016-06-11,323.0
2016-06-12,-817.0
2016-06-13,-289.0
2016-06-14,917.0
2016-06-15,-323.0
2016-06-16,256.0
2016-06-17,-263.0
2016-06-18,294.0
2016-06-19,-142.0
2016-06-20,-39.0
2016-06-21,-84.0
2016-06-22,56.0
2016-06-23,-20.0
2016-06-24,-143.0
2016-06-25,513.0
2016-06-26,0.0
2016-06-27,-217.0
2016-06-28,229.0
2016-06-29,0.0
2016-06-30,42.0
2016-07-01,197.0
2016-07-02,52.0
2016-07-03,-811.0
2016-07-04,-789.0
2016-07-05,527.0
2016-07-06,530.0
2016-07-07,-49.0
2016-07-08,69.0
2016-07-09,-177.0
2016-07-10,-315.0
2016-07-11,-1.0
2016-07-12,180.0
2016-07-13,-142.0
2016-07-14,97.0
2016-07-15,87.0
2016-07-16,-255.0
2016-07-17,-249.0
2016-07-18,-845.0
2016-07-19,748.0
2016-07-20,506.0
2016-07-21,256.0
2016-07-22,217.0
2016-07-23,24.0
2016-07-24,-210.0
2016-07-25,-367.0
2016-07-26,312.0
2016-07-27,0.0
2016-07-28,-828.0
2016-07-29,99.0
2016-07-30,-261.0
2016-07-31,-342.0
2016-08-01,-37.0
2016-08-02,344.0
2016-08-03,0.0
2016-08-04,578.0
2016-08-05,316.0
2016-08-06,218.0
2016-08-07,-263.0
2016-08-08,-67.0
2016-08-09,166.0
2016-08-10,-148.0
2016-08-11,-78.0
2016-08-12,-389.0
2016-08-13,-167.0
2016-08-14,-160.0
2016-08-15,-113.0
2016-08-16,360.0
2016-08-17,474.0
2016-08-18,-318.0
2016-08-19,-304.0
2016-08-20,551.0
2016-08-21,-150.0
2016-08-22,-45.0
2016-08-23,229.0
2016-08-24,23.0
2016-08-25,-202.0
2016-08-26,-351.0
2016-08-27,425.0
2016-08-28,-90.0
2016-08-29,155.0
2016-08-30,0.0
2016-08-31,-454.0
2016-09-01,-408.0
2016-09-02,9.0
2016-09-03,278.0
2016-09-04,-93.0
2016-09-05,107.0
2016-09-06,183.0
2016-09-07,34.0
2016-09-08,35.0
2016-09-09,95.0
2016-09-10,59.0
2016-09-11,-170.0
2016-09-12,-23.0
2016-09-13,109.0
2016-09-14,69.0
2016-09-15,23.0
2016-09-16,-33.0
2016-09-17,63.0
2016-09-18,-127.0
2016-09-19,-6.0
2016-09-20,151.0
2016-09-21,167.0
2016-09-22,156.0
2016-09-23,-423.0
2016-09-24,-74.0
2016-09-25,-190.0
2016-09-26,3.0
2016-09-27,236.0
2016-09-28,113.0
2016-09-29,16.0
2016-09-30,131.0
2016-10-01,25.0
2016-10-02,-133.0
2016-10-03,-64.0
2016-10-04,281.0
2016-10-05,-100.0
2016-10-06,-568.0
2016-10-07,84.0
2016-10-08,-39.0
2016-10-09,-226.0
2016-10-10,-208.0
2016-10-11,10.0
2016-10-12,-183.0
2016-10-13,-153.0
2016-10-14,207.0
2016-10-15,-64.0
2016-10-16,-251.0
2016-10-17,-247.0
2016-10-18,281.0
2016-10-19,6.0
2016-10-20,-115.0
2016-10-21,218.0
2016-10-22,-7.0
2016-10-23,-190.0
2016-10-24,0.0
2016-10-25,91.0
2016-10-26,12.0
2016-10-27,18.0
2016-10-28,-76.0
2016-10-29,-176.0
2016-10-30,-347.0
2016-10-31,-470.0
2016-11-01,-15.0
2016-11-02,241.0
2016-11-03,364.0
2016-11-04,0.0
2016-11-05,-36.0
2016-11-06,-222.0
2016-11-07,-102.0
2016-11-08,139.0
2016-11-09,75.0
2016-11-10,-17.0
2016-11-11,-94.0
2016-11-12,-150.0
2016-11-13,-216.0
2016-11-14,-88.0
2016-11-15,167.0
2016-11-16,33.0
2016-11-17,23.0
2016-11-18,32.0
2016-11-19,93.0
2016-11-20,-218.0
2016-11-21,88.0
2016-11-22,33.0
2016-11-23,17.0
2016-11-24,60.0
2016-11-25,1.0
2016-11-26,64.0
2016-11-27,-172.0
2016-11-28,63.0
2016-11-29,-9.0
2016-11-30,5.0
2016-12-01,-74.0
2016-12-02,123.0
2016-12-03,139.0
2016-12-04,-153.0
2016-12-05,30.0
2016-12-06,-57.0
2016-12-07,95.0
2016-12-08,140.0
2016-12-09,-86.0
2016-12-10,152.0
2016-12-11,-160.0
2016-12-12,21.0
2016-12-13,157.0
2016-12-14,-77.0
2016-12-15,10.0
2016-12-16,-68.0
2016-12-17,202.0
2016-12-18,-159.0
2016-12-19,87.0
2016-12-20,0.0
2016-12-21,78.0
2016-12-22,84.0
2016-12-23,-169.0
2016-12-24,229.0
2016-12-25,-255.0
2016-12-26,85.0
2016-12-27,147.0
2016-12-28,-3.0
2016-12-29,77.0
2016-12-30,-76.0
2016-12-31,295.0
2017-01-01,-299.0
2017-01-02,-20.0
2017-01-03,32.0
2017-01-04,90.0
2017-01-05,-11.0
2017-01-06,-100.0
2017-01-07,167.0
2017-01-08,-327.0
2017-01-09,146.0
2017-01-10,199.0
2017-01-11,99.0
2017-01-12,0.0
2017-01-13,-460.0
2017-01-14,681.0
2017-01-15,-15.0
2017-01-16,-306.0
2017-01-17,32.0
2017-01-18,267.0
2017-01-19,-3.0
2017-01-20,0.0
2017-01-21,0.0
2017-01-22,-111.0
2017-01-23,33.0
2017-01-24,-118.0
2017-01-25,-66.0
2017-01-26,-2.0
2017-01-27,-666.0
2017-01-28,647.0
2017-01-29,-2.0
2017-01-30,73.0
2017-01-31,0.0
2017-02-01,-49.0
2017-02-02,72.0
2017-02-03,-216.0
2017-02-04,206.0
2017-02-05,-249.0
2017-02-06,30.0
2017-02-07,17.0
2017-02-08,3.0
2017-02-09,52.0
2017-02-10,-87.0
2017-02-11,241.0
2017-02-12,-203.0
2017-02-13,-98.0
2017-02-14,39.0
2017-02-15,11.0
2017-02-16,84.0
2017-02-17,-173.0
2017-02-18,163.0
2017-02-19,-217.0
2017-02-20,-40.0
2017-02-21,-44.0
2017-02-22,6.0
2017-02-23,83.0
2017-02-24,-57.0
2017-02-25,251.0
2017-02-26,-384.0
2017-02-27,-199.0
2017-02-28,322.0
2017-03-01,-11.0
2017-03-02,12.0
2017-03-03,10.0
2017-03-04,52.0
2017-03-05,-166.0
2017-03-06,-101.0
2017-03-07,150.0
2017-03-08,73.0
2017-03-09,31.0
2017-03-10,-25.0
2017-03-11,67.0
2017-03-12,-140.0
2017-03-13,-266.0
2017-03-14,-672.0
2017-03-15,676.0
2017-03-16,294.0
2017-03-17,0.0
2017-03-18,104.0
2017-03-19,-240.0
2017-03-20,-89.0
2017-03-21,152.0
2017-03-22,47.0
2017-03-23,126.0
2017-03-24,198.0
2017-03-25,-6.0
2017-03-26,-270.0
2017-03-27,-173.0
2017-03-28,508.0
2017-03-29,70.0
2017-03-30,194.0
2017-03-31,103.0
2017-04-01,18.0
2017-04-02,-159.0
2017-04-03,-176.0
2017-04-04,471.0
2017-04-05,-246.0
2017-04-06,-18.0
2017-04-07,209.0
2017-04-08,-168.0
2017-04-09,-445.0
2017-04-10,-253.0
2017-04-11,352.0
2017-04-12,252.0
2017-04-13,230.0
2017-04-14,131.0
2017-04-15,-78.0
2017-04-16,93.0
2017-04-17,145.0
2017-04-18,454.0
2017-04-19,135.0
2017-04-20,118.0
2017-04-21,349.0
2017-04-22,190.0
2017-04-23,-184.0
2017-04-24,-434.0
2017-04-25,12.0
2017-04-26,-70.0
2017-04-27,-107.0
2017-04-28,-3.0
2017-04-29,7.0
2017-04-30,-305.0
2017-05-01,-122.0
2017-05-02,244.0
2017-05-03,198.0
2017-05-04,-34.0
2017-05-05,77.0
2017-05-06,215.0
2017-05-07,26.0
2017-05-08,212.0
2017-05-09,314.0
2017-05-10,9.0
2017-05-11,-72.0
2017-05-12,48.0
2017-05-13,54.0
2017-05-14,-115.0
2017-05-15,50.0
2017-05-16,255.0
2017-05-17,45.0
2017-05-18,-201.0
2017-05-19,13.0
2017-05-20,-36.0
2017-05-21,-350.0
2017-05-22,-307.0
2017-05-23,-578.0
2017-05-24,528.0
2017-05-25,528.0
2017-05-26,208.0
2017-05-27,140.0
2017-05-28,-213.0
2017-05-29,-175.0
2017-05-30,-260.0
2017-05-31,2.0
2017-06-01,-52.0
2017-06-02,27.0
2017-06-03,207.0
2017-06-04,84.0
2017-06-05,166.0
2017-06-06,631.0
2017-06-07,122.0
2017-06-08,-467.0
2017-06-09,-367.0
2017-06-10,-151.0
2017-06-11,-61.0
2017-06-12,-181.0
2017-06-13,326.0
2017-06-14,279.0
2017-06-15,108.0
2017-06-16,-10.0
2017-06-17,-38.0
2017-06-18,-874.0
2017-06-19,421.0
2017-06-20,-50.0
2017-06-21,-732.0
2017-06-22,-31.0
2017-06-23,216.0
2017-06-24,333.0
2017-06-25,318.0
2017-06-26,94.0
2017-06-27,355.0
2017-06-28,251.0
2017-06-29,-280.0
2017-06-30,-1176.0
2017-07-01,-86.0
2017-07-02,193.0
2017-07-03,-337.0
2017-07-04,925.0
2017-07-05,353.0
2017-07-06,-192.0
2017-07-07,-87.0
2017-07-08,0.0
2017-07-09,183.0
2017-07-10,120.0
2017-07-11,314.0
2017-07-12,-245.0
2017-07-13,-645.0
2017-07-14,200.0
2017-07-15,257.0
2017-07-16,-106.0
2017-07-17,51.0
2017-07-18,-154.0
2017-07-19,354.0
2017-07-20,198.0
2017-07-21,-287.0
2017-07-22,-37.0
2017-07-23,-208.0
2017-07-24,-555.0
2017-07-25,79.0
2017-07-26,-19.0
2017-07-27,436.0
2017-07-28,55.0
2017-07-29,-41.0
2017-07-30,-291.0
2017-07-31,129.0
2017-08-01,-137.0
2017-08-02,-244.0
2017-08-03,99.0
2017-08-04,312.0
2017-08-05,78.0
2017-08-06,-51.0
2017-08-07,68.0
2017-08-08,-117.0
2017-08-09,164.0
2017-08-10,-155.0
2017-08-11,250.0
2017-08-12,8.0
2017-08-13,-321.0
2017-08-14,4.0
2017-08-15,148.0
2017-08-16,-96.0
2017-08-17,519.0
2017-08-18,183.0
2017-08-19,94.0
2017-08-20,-164.0
2017-08-21,-374.0
2017-08-22,253.0
2017-08-23,-224.0
2017-08-24,-187.0
2017-08-25,50.0
2017-08-26,-40.0
2017-08-27,-461.0
2017-08-28,165.0
2017-08-29,-96.0
2017-08-30,249.0
2017-08-31,-41.0
2017-09-01,-294.0
2017-09-02,-204.0
2017-09-03,-455.0
2017-09-04,353.0
2017-09-05,474.0
2017-09-06,-12.0
2017-09-07,127.0
2017-09-08,-245.0
2017-09-09,79.0
2017-09-10,40.0
2017-09-11,283.0
2017-09-12,15.0
2017-09-13,96.0
2017-09-14,109.0
2017-09-15,54.0
2017-09-16,-184.0
2017-09-17,-87.0
2017-09-18,-469.0
2017-09-19,656.0
2017-09-20,-429.0
2017-09-21,82.0
2017-09-22,52.0
2017-09-23,-243.0
2017-09-24,-1116.0
2017-09-25,-27.0
2017-09-26,575.0
2017-09-27,133.0
2017-09-28,110.0
2017-09-29,0.0
2017-09-30,95.0
2017-10-01,-294.0
2017-10-02,-405.0
2017-10-03,1.0
2017-10-04,499.0
2017-10-05,59.0
2017-10-06,-34.0
2017-10-07,-25.0
2017-10-08,-232.0
2017-10-09,4.0
2017-10-10,135.0
2017-10-11,28.0
2017-10-12,-9.0
2017-10-13,-2.0
2017-10-14,-69.0
2017-10-15,-353.0
2017-10-16,-225.0
2017-10-17,413.0
2017-10-18,-144.0
2017-10-19,-131.0
2017-10-20,-497.0
2017-10-21,-36.0
2017-10-22,4.0
2017-10-23,83.0
2017-10-24,268.0
2017-10-25,3.0
2017-10-26,-63.0
2017-10-27,-122.0
2017-10-28,80.0
2017-10-29,364.0
2017-10-30,-806.0
2017-10-31,321.0
2017-11-01,2.0
2017-11-02,24.0
2017-11-03,55.0
2017-11-04,-88.0
2017-11-05,-280.0
2017-11-06,-126.0
2017-11-07,279.0
2017-11-08,18.0
2017-11-09,165.0
2017-11-10,-173.0
2017-11-11,40.0
2017-11-12,-271.0
2017-11-13,-112.0
2017-11-14,179.0
2017-11-15,19.0
2017-11-16,-30.0
2017-11-17,25.0
2017-11-18,113.0
2017-11-19,-253.0
2017-11-20,10.0
2017-11-21,76.0
2017-11-22,32.0
2017-11-23,-35.0
2017-11-24,104.0
2017-11-25,168.0
2017-11-26,-236.0
2017-11-27,57.0
2017-11-28,50.0
2017-11-29,-143.0
2017-11-30,163.0
2017-12-01,-38.0
2017-12-02,114.0
2017-12-03,-139.0
2017-12-04,-54.0
2017-12-05,38.0
2017-12-06,104.0
2017-12-07,161.0
2017-12-08,-141.0
2017-12-09,88.0
2017-12-10,-133.0
2017-12-11,-263.0
2017-12-12,340.0
2017-12-13,-6.0
2017-12-14,102.0
2017-12-15,68.0
2017-12-16,228.0
2017-12-17,-195.0
2017-12-18,132.0
2017-12-19,-60.0
2017-12-20,-141.0
2017-12-21,224.0
2017-12-22,-138.0
2017-12-23,217.0
2017-12-24,-241.0
2017-12-25,-48.0
2017-12-26,159.0
2017-12-27,-19.0
2017-12-28,53.0
2017-12-29,-128.0
2017-12-30,255.0
2017-12-31,-337.0
2018-01-01,30.0
2018-01-02,290.0
2018-01-03,5.0
2018-01-04,258.0
2018-01-05,-195.0
2018-01-06,334.582692307692
2018-01-07,-249.582692307692
2018-01-08,-90.0
2018-01-09,164.0
2018-01-10,-57.0
2018-01-11,90.0
2018-01-12,-97.0
2018-01-13,88.0
2018-01-14,-279.0
2018-01-15,6.0
2018-01-16,38.0
2018-01-17,-131.0
2018-01-18,164.0
2018-01-19,-74.0
2018-01-20,30.0
2018-01-21,-188.0
2018-01-22,83.0
2018-01-23,3.0
2018-01-24,-121.0
2018-01-25,307.0
2018-01-26,-62.0
2018-01-27,-439.0
2018-01-28,345.0
2018-01-29,98.0
2018-01-30,45.0
2018-01-31,-216.0
2018-02-01,154.0
2018-02-02,0.0
2018-02-03,-261.0
2018-02-04,-115.0
2018-02-05,90.0
2018-02-06,43.0
2018-02-07,18.0
2018-02-08,51.0
2018-02-09,-87.0
2018-02-10,173.0
2018-02-11,-172.0
2018-02-12,-37.0
2018-02-13,24.0
2018-02-14,85.0
2018-02-15,144.0
2018-02-16,-286.0
2018-02-17,171.0
2018-02-18,-277.0
2018-02-19,22.0
2018-02-20,-15.0
2018-02-21,-6.0
2018-02-22,-48.0
2018-02-23,-55.0
2018-02-24,90.0
2018-02-25,-183.0
2018-02-26,-23.0
2018-02-27,55.0
2018-02-28,29.0
2018-03-01,100.0
2018-03-02,-57.0
2018-03-03,-1094.0
2018-03-04,540.0
2018-03-05,156.0
2018-03-06,208.0
2018-03-07,5.0
2018-03-08,42.0
2018-03-09,32.0
2018-03-10,102.0
2018-03-11,-198.0
2018-03-12,-73.0
2018-03-13,227.0
2018-03-14,36.0
2018-03-15,134.0
2018-03-16,-19.0
2018-03-17,21.0
2018-03-18,-304.0
2018-03-19,-144.0
2018-03-20,334.0
2018-03-21,60.0
2018-03-22,35.0
2018-03-23,-18.0
2018-03-24,53.0
2018-03-25,-281.0
2018-03-26,-250.0
2018-03-27,527.0
2018-03-28,116.0
2018-03-29,-34.0
2018-03-30,5.0
2018-03-31,16.0
2018-04-01,-111.0
2018-04-02,-195.0
2018-04-03,516.0
2018-04-04,139.0
2018-04-05,163.0
2018-04-06,152.0
2018-04-07,-21.0
2018-04-08,-725.0
2018-04-09,3.0
2018-04-10,131.0
2018-04-11,256.0
2018-04-12,-95.0
2018-04-13,-47.0
2018-04-14,-8.0
2018-04-15,-218.0
2018-04-16,191.0
2018-04-17,362.0
2018-04-18,212.0
2018-04-19,57.0
2018-04-20,191.0
2018-04-21,2.0
2018-04-22,-435.0
2018-04-23,-374.0
2018-04-24,326.0
2018-04-25,226.0
2018-04-26,223.0
2018-04-27,261.0
2018-04-28,237.0
2018-04-29,-232.0
2018-04-30,-66.0
2018-05-01,385.0
2018-05-02,-91.0
2018-05-03,59.0
2018-05-04,-597.0
2018-05-05,237.0
2018-05-06,-42.0
2018-05-07,147.0
2018-05-08,74.0
2018-05-09,-281.0
2018-05-10,43.0
2018-05-11,151.0
2018-05-12,391.0
2018-05-13,92.0
2018-05-14,-26.0
2018-05-15,-442.0
2018-05-16,393.0
2018-05-17,39.0
2018-05-18,14.0
2018-05-19,195.0
2018-05-20,-89.0
2018-05-21,-166.0
2018-05-22,250.0
2018-05-23,203.0
2018-05-24,294.0
2018-05-25,-80.0
2018-05-26,-37.0
2018-05-27,-90.0
2018-05-28,13.0
2018-05-29,314.0
2018-05-30,105.0
2018-05-31,89.0
2018-06-01,3.0
2018-06-02,224.0
2018-06-03,-884.0
2018-06-04,147.0
2018-06-05,492.0
2018-06-06,210.0
2018-06-07,-163.0
2018-06-08,120.0
2018-06-09,421.0
2018-06-10,-587.0
2018-06-11,-442.0
2018-06-12,433.0
2018-06-13,306.0
2018-06-14,-9.0
2018-06-15,-74.0
2018-06-16,-111.0
2018-06-17,-175.0
2018-06-18,-253.0
2018-06-19,-307.0
2018-06-20,206.0
2018-06-21,304.0
2018-06-22,126.0
2018-06-23,289.0
2018-06-24,-157.0
2018-06-25,-187.0
2018-06-26,475.0
2018-06-27,-238.0
2018-06-28,-444.0
2018-06-29,-509.0
2018-06-30,-159.0
2018-07-01,221.0
2018-07-02,138.0
2018-07-03,369.0
2018-07-04,-160.0
2018-07-05,-13.0
2018-07-06,238.0
2018-07-07,-99.0
2018-07-08,-36.0
2018-07-09,315.0
2018-07-10,551.0
2018-07-11,-31.0
2018-07-12,-390.0
2018-07-13,70.0
2018-07-14,-543.0
2018-07-15,-796.0
2018-07-16,526.0
2018-07-17,-97.0
2018-07-18,553.0
2018-07-19,54.0
2018-07-20,95.0
2018-07-21,-331.0
2018-07-22,-472.0
2018-07-23,-566.0
2018-07-24,560.0
2018-07-25,434.0
2018-07-26,-256.0
2018-07-27,-427.0
2018-07-28,-496.0
2018-07-29,-387.0
2018-07-30,866.0
2018-07-31,307.0
2018-08-01,-209.0
2018-08-02,354.0
2018-08-03,151.0
2018-08-04,-256.0
2018-08-05,-22.0
2018-08-06,-60.0
2018-08-07,-511.0
2018-08-08,37.0
2018-08-09,274.0
2018-08-10,467.0
2018-08-11,-91.0
2018-08-12,24.0
2018-08-13,-164.0
2018-08-14,38.0
2018-08-15,148.0
2018-08-16,-112.0
2018-08-17,108.0
2018-08-18,117.0
2018-08-19,-186.0
2018-08-20,-347.0
2018-08-21,395.0
2018-08-22,100.0
2018-08-23,-165.0
2018-08-24,0.0
2018-08-25,-234.0
2018-08-26,-200.0
2018-08-27,-131.0
2018-08-28,256.0
2018-08-29,-226.0
2018-08-30,-103.0
2018-08-31,481.0
2018-09-01,26.0
2018-09-02,-210.0
2018-09-03,-769.0
2018-09-04,-518.0
2018-09-05,448.0
2018-09-06,58.0
2018-09-07,487.0
2018-09-08,-245.0
2018-09-09,-493.0
2018-09-10,-111.0
2018-09-11,466.0
2018-09-12,368.0
2018-09-13,27.0
2018-09-14,49.0
2018-09-15,-103.0
2018-09-16,-154.0
2018-09-17,-33.0
2018-09-18,252.0
2018-09-19,0.0
2018-09-20,-28.0
2018-09-21,96.0
2018-09-22,-167.0
2018-09-23,-723.0
2018-09-24,-323.0
2018-09-25,258.0
2018-09-26,-223.0
2018-09-27,186.0
2018-09-28,115.0
2018-09-29,132.0
2018-09-30,-5.0
2018-10-01,-272.0
2018-10-02,392.0
2018-10-03,-349.0
2018-10-04,408.0
2018-10-05,40.0
2018-10-06,2.0
2018-10-07,-426.0
2018-10-08,-234.0
2018-10-09,367.0
2018-10-10,82.0
2018-10-11,156.0
2018-10-12,-190.0
2018-10-13,-320.0
2018-10-14,-303.0
2018-10-15,-296.0
2018-10-16,387.0
2018-10-17,129.0
2018-10-18,4.0
2018-10-19,16.0
2018-10-20,-651.0
2018-10-21,316.0
2018-10-22,-230.0
2018-10-23,231.0
2018-10-24,68.0
2018-10-25,41.0
2018-10-26,-9.0
2018-10-27,-76.0
2018-10-28,-226.0
2018-10-29,-149.0
2018-10-30,281.0
2018-10-31,82.0
2018-11-01,30.0
2018-11-02,-34.0
2018-11-03,-14.0
2018-11-04,-196.0
2018-11-05,-228.0
2018-11-06,167.0
2018-11-07,-57.0
2018-11-08,-634.0
2018-11-09,-89.0
2018-11-10,502.0
2018-11-11,-99.0
2018-11-12,-80.0
2018-11-13,271.0
2018-11-14,105.0
2018-11-15,-60.0
2018-11-16,44.0
2018-11-17,95.0
2018-11-18,-202.0
2018-11-19,-6.0
2018-11-20,75.0
2018-11-21,-47.0
2018-11-22,253.0
2018-11-23,-230.0
2018-11-24,230.0
2018-11-25,-282.0
2018-11-26,124.0
2018-11-27,16.0
2018-11-28,-16.0
2018-11-29,7.0
2018-11-30,85.0
2018-12-01,177.0
2018-12-02,-281.0
2018-12-03,21.0
2018-12-04,39.0
2018-12-05,88.0
2018-12-06,-1.0
2018-12-07,84.0
2018-12-08,73.0
2018-12-09,-56.0
2018-12-10,-29.0
2018-12-11,-52.0
2018-12-12,110.0
2018-12-13,41.0
2018-12-14,-1.0
2018-12-15,100.0
2018-12-16,-70.0
2018-12-17,59.0
2018-12-18,22.0
2018-12-19,38.0
2018-12-20,-60.0
2018-12-21,109.0
2018-12-22,226.0
2018-12-23,-276.0
2018-12-24,146.0
2018-12-25,62.0
2018-12-26,-36.0
2018-12-27,-27.0
2018-12-28,157.0
2018-12-29,339.0
2018-12-30,-226.0
2018-12-31,-50.0
2019-01-01,172.0
2019-01-02,44.0
2019-01-03,-153.0
2019-01-04,58.0
2019-01-05,172.0
2019-01-06,-320.0
2019-01-07,-171.0
2019-01-08,290.0
2019-01-09,-45.0
2019-01-10,67.0
2019-01-11,-40.0
2019-01-12,142.0
2019-01-13,-232.0
2019-01-14,-129.0
2019-01-15,247.0
2019-01-16,34.0
2019-01-17,-2.0
2019-01-18,-134.0
2019-01-19,128.0
2019-01-20,-240.0
2019-01-21,56.0
2019-01-22,-157.0
2019-01-23,-56.0
2019-01-24,296.0
2019-01-25,-163.0
2019-01-26,161.0
2019-01-27,-671.0
2019-01-28,539.0
2019-01-29,166.0
2019-01-30,18.0
2019-01-31,98.0
2019-02-01,-154.0
2019-02-02,143.0
2019-02-03,-174.0
2019-02-04,84.0
2019-02-05,3.0
2019-02-06,-138.0
2019-02-07,38.0
2019-02-08,-84.0
2019-02-09,159.0
2019-02-10,-164.0
2019-02-11,-35.0
2019-02-12,-71.0
2019-02-13,43.0
2019-02-14,-12.0
2019-02-15,-66.0
2019-02-16,182.0
2019-02-17,-214.0
2019-02-18,140.0
2019-02-19,-177.0
2019-02-20,106.0
2019-02-21,-86.0
2019-02-22,1.0
2019-02-23,6.0
2019-02-24,-191.0
2019-02-25,47.0
2019-02-26,-84.0
2019-02-27,116.0
2019-02-28,131.0
2019-03-01,-20.0
2019-03-02,128.0
2019-03-03,-257.0
2019-03-04,48.0
2019-03-05,200.0
2019-03-06,-275.0
2019-03-07,124.0
2019-03-08,-190.0
2019-03-09,189.0
2019-03-10,-351.0
2019-03-11,-6.0
2019-03-12,95.0
2019-03-13,-135.0
2019-03-14,163.0
2019-03-15,24.0
2019-03-16,164.0
2019-03-17,-305.0
2019-03-18,-62.0
2019-03-19,9.0
2019-03-20,58.0
2019-03-21,60.0
2019-03-22,-1227.0
2019-03-23,749.0
2019-03-24,44.0
2019-03-25,43.0
2019-03-26,159.0
2019-03-27,97.0
2019-03-28,39.0
2019-03-29,47.0
2019-03-30,250.0
2019-03-31,-104.0
2019-04-01,-364.0
2019-04-02,267.0
2019-04-03,93.0
2019-04-04,143.0
2019-04-05,282.0
2019-04-06,195.0
2019-04-07,-342.0
2019-04-08,26.0
2019-04-09,217.0
2019-04-10,110.0
2019-04-11,75.0
2019-04-12,309.0
2019-04-13,-106.0
2019-04-14,-373.0
2019-04-15,29.0
2019-04-16,575.0
2019-04-17,-266.0
2019-04-18,-828.0
2019-04-19,27.0
2019-04-20,-33.0
2019-04-21,58.0
2019-04-22,147.0
2019-04-23,682.0
2019-04-24,277.0
2019-04-25,441.0
2019-04-26,225.0
2019-04-27,-198.0
2019-04-28,-323.0
2019-04-29,-61.0
2019-04-30,448.0
2019-05-01,300.0
2019-05-02,-26.0
2019-05-03,107.0
2019-05-04,-431.0
2019-05-05,-448.0
2019-05-06,67.0
2019-05-07,306.0
2019-05-08,210.0
2019-05-09,179.0
2019-05-10,162.0
2019-05-11,32.0
2019-05-12,-353.0
2019-05-13,-1.0
2019-05-14,44.0
2019-05-15,-1125.417307692308
2019-05-16,815.417307692308
2019-05-17,-268.0
2019-05-18,-49.0
2019-05-19,-656.0
2019-05-20,294.0
2019-05-21,672.0
2019-05-22,251.0
2019-05-23,111.0
2019-05-24,115.0
2019-05-25,-590.0
2019-05-26,-15.0
2019-05-27,60.0
2019-05-28,402.0
2019-05-29,202.0
2019-05-30,265.0
2019-05-31,241.0
2019-06-01,164.0
2019-06-02,15.0
2019-06-03,121.0
2019-06-04,19.0
2019-06-05,-47.0
2019-06-06,-78.0
2019-06-07,190.0
2019-06-08,-191.0
2019-06-09,-33.0
2019-06-10,-74.0
2019-06-11,309.0
2019-06-12,109.0
2019-06-13,84.0
2019-06-14,-64.0
2019-06-15,-194.0
2019-06-16,-22.0
2019-06-17,-126.0
2019-06-18,-469.0
2019-06-19,-931.0
2019-06-20,183.0
2019-06-21,360.0
2019-06-22,357.0
2019-06-23,21.0
2019-06-24,203.0
2019-06-25,-237.0
2019-06-26,517.0
2019-06-27,160.0
2019-06-28,-84.0
2019-06-29,98.0
2019-06-30,97.0
2019-07-01,-41.0
2019-07-02,512.0
2019-07-03,119.0
2019-07-04,-277.0
2019-07-05,-100.0
2019-07-06,-759.0
2019-07-07,-210.0
2019-07-08,284.0
2019-07-09,113.0
2019-07-10,-133.0
2019-07-11,398.0
2019-07-12,256.0
2019-07-13,-82.0
2019-07-14,-101.0
2019-07-15,-157.0
2019-07-16,-521.0
2019-07-17,-964.0
2019-07-18,-175.0
2019-07-19,-170.0
2019-07-20,1043.0
2019-07-21,-191.0
2019-07-22,-324.0
2019-07-23,583.0
2019-07-24,677.0
2019-07-25,91.0
2019-07-26,-903.0
2019-07-27,-532.0
2019-07-28,-434.0
2019-07-29,382.0
2019-07-30,500.0
2019-07-31,96.0
2019-08-01,104.0
2019-08-02,170.0
2019-08-03,-128.0
2019-08-04,-346.0
2019-08-05,82.0
2019-08-06,466.0
2019-08-07,-296.0
2019-08-08,-206.0
2019-08-09,600.0
2019-08-10,-217.0
2019-08-11,-465.0
2019-08-12,341.0
2019-08-13,-76.0
2019-08-14,-86.0
2019-08-15,-162.0
2019-08-16,-94.0
2019-08-17,-258.0
2019-08-18,-156.0
2019-08-19,-509.0
2019-08-20,767.0
2019-08-21,178.0
2019-08-22,433.0
2019-08-23,-277.0
2019-08-24,274.0
2019-08-25,-167.0
2019-08-26,-780.0
2019-08-27,776.0
2019-08-28,446.0
2019-08-29,196.0
2019-08-30,109.0
2019-08-31,28.0
2019-09-01,-165.0
2019-09-02,-129.0
2019-09-03,56.0
2019-09-04,170.0
2019-09-05,-72.0
2019-09-06,-96.0
2019-09-07,-21.0
2019-09-08,-296.0
2019-09-09,180.0
2019-09-10,213.0
2019-09-11,117.0
2019-09-12,227.0
2019-09-13,-73.0
2019-09-14,-168.0
2019-09-15,-177.0
2019-09-16,-362.0
2019-09-17,360.0
2019-09-18,-128.0
2019-09-19,-198.0
2019-09-20,-303.0
2019-09-21,-161.0
2019-09-22,-121.0
2019-09-23,-621.0
2019-09-24,-10.0
2019-09-25,120.0
2019-09-26,118.0
2019-09-27,-85.0
2019-09-28,-84.0
2019-09-29,-406.0
2019-09-30,-367.0
2019-10-01,342.0
2019-10-02,173.0
2019-10-03,-593.0
2019-10-04,718.0
2019-10-05,-237.0
2019-10-06,-387.0
2019-10-07,-235.0
2019-10-08,253.0
2019-10-09,-597.0
2019-10-10,666.0
2019-10-11,100.0
2019-10-12,-25.0
2019-10-13,-185.0
2019-10-14,-171.0
2019-10-15,625.582692307692
2019-10-16,-88.58269230769201
2019-10-17,-41.0
2019-10-18,49.0
2019-10-19,65.0
2019-10-20,-434.0
2019-10-21,-312.0
2019-10-22,294.0
2019-10-23,-86.0
2019-10-24,-21.0
2019-10-25,77.0
2019-10-26,-49.0
2019-10-27,-400.0
2019-10-28,-404.0
2019-10-29,-145.0
2019-10-30,258.0
2019-10-31,529.0
2019-11-01,-184.0
2019-11-02,-30.0
2019-11-03,-183.0
2019-11-04,1105.582692307692
2019-11-05,-844.582692307692
2019-11-06,844.582692307692
2019-11-07,-796.582692307692
2019-11-08,-161.0
2019-11-09,-6.0
2019-11-10,-251.0
2019-11-11,-59.0
2019-11-12,151.0
2019-11-13,-17.0
2019-11-14,48.0
2019-11-15,1091.582692307692
2019-11-16,-768.582692307692
2019-11-17,-358.0
2019-11-18,46.0
2019-11-19,-4.0
2019-11-20,97.0
2019-11-21,0.0
2019-11-22,-32.0
2019-11-23,147.0
2019-11-24,-204.0
2019-11-25,50.0
2019-11-26,-1.0
2019-11-27,45.0
2019-11-28,83.0
2019-11-29,-73.0
2019-11-30,124.0
2019-12-01,-150.0
2019-12-02,-109.0
2019-12-03,171.0
2019-12-04,70.0
2019-12-05,93.0
2019-12-06,-57.0
2019-12-07,170.0
2019-12-08,-227.0
2019-12-09,79.0
2019-12-10,-11.0
2019-12-11,70.0
2019-12-12,115.0
2019-12-13,-77.0
2019-12-14,255.0
2019-12-15,-83.0
2019-12-16,2.0
2019-12-17,49.0
2019-12-18,160.0
2019-12-19,134.0
2019-12-20,19.0
2019-12-21,305.0
2019-12-22,-366.0
2019-12-23,-92.0
2019-12-24,458.0
2019-12-25,-9.0
2019-12-26,223.0
2019-12-27,40.0
2019-12-28,132.0
2019-12-29,-242.0
2019-12-30,61.0
2019-12-31,310.0
2020-01-01,148.0
2020-01-02,61.0
2020-01-03,-520.0
2020-01-04,38.0
2020-01-05,-513.0
2020-01-06,-33.0
2020-01-07,159.0
2020-01-08,-3.0
2020-01-09,-56.0
2020-01-10,304.0
2020-01-11,216.0
2020-01-12,-280.0
2020-01-13,-260.0
2020-01-14,130.0
2020-01-15,-35.417307692307986
2020-01-16,143.417307692308
2020-01-17,-139.0
2020-01-18,229.0
2020-01-19,-334.0
2020-01-20,310.0
2020-01-21,-18.0
2020-01-22,-106.0
2020-01-23,162.0
2020-01-24,-222.0
2020-01-25,231.0
2020-01-26,-346.0
2020-01-27,-538.0
2020-01-28,462.0
2020-01-29,34.0
2020-01-30,98.0
2020-01-31,-244.0
2020-02-01,322.0
2020-02-02,-395.0
2020-02-03,182.0
2020-02-04,35.0
2020-02-05,-140.0
2020-02-06,46.0
2020-02-07,64.0
2020-02-08,241.0
2020-02-09,-747.0
2020-02-10,636.0
2020-02-11,-271.0
2020-02-12,46.0
2020-02-13,51.0
2020-02-14,-211.0
2020-02-15,418.582692307692
2020-02-16,0.0
2020-02-17,-543.582692307692
2020-02-18,-95.0
2020-02-19,98.0
2020-02-20,11.0
2020-02-21,-134.0
2020-02-22,448.0
2020-02-23,-549.0
2020-02-24,-31.0
2020-02-25,26.0
2020-02-26,638.0
2020-02-27,-662.0
2020-02-28,-102.0
2020-02-29,138.0
2020-03-01,-277.0
2020-03-02,4.0
2020-03-03,-16.0
2020-03-04,96.0
2020-03-05,51.0
2020-03-06,18.0
2020-03-07,207.0
2020-03-08,-165.0
2020-03-09,-90.0
2020-03-10,97.0
2020-03-11,-1232.0
2020-03-12,829.0
2020-03-13,298.0
2020-03-14,74.0
2020-03-15,-187.0
2020-03-16,16.0
2020-03-17,111.0
2020-03-18,-13.0
2020-03-19,19.0
2020-03-20,-26.0
2020-03-21,38.0
2020-03-22,-236.0
2020-03-23,-933.0
2020-03-24,166.0
2020-03-25,-69.0
2020-03-26,40.0
2020-03-27,-146.0
2020-03-28,152.0
2020-03-29,-184.0
2020-03-30,0.0
2020-03-31,61.0
2020-04-01,0.0
2020-04-02,111.0
2020-04-03,-119.0
2020-04-04,-55.0
2020-04-05,-100.0
2020-04-06,57.0
2020-04-07,-3.0
2020-04-08,0.0
2020-04-09,0.0
2020-04-10,33.0
2020-04-11,74.0
2020-04-12,84.0
2020-04-13,335.0
2020-04-14,288.0
2020-04-15,-10.0
2020-04-16,1359.582692307692
2020-04-17,-1196.582692307692
2020-04-18,-46.0
2020-04-19,-32.0
2020-04-20,-147.0
2020-04-21,-206.0
2020-04-22,147.0
2020-04-23,-23.0
2020-04-24,0.0
2020-04-25,195.0
2020-04-26,46.0
2020-04-27,-22.0
2020-04-28,-125.0
2020-04-29,227.0
2020-04-30,135.0
2020-05-01,0.0
2020-05-02,152.0
2020-05-03,10.0
2020-05-04,-17.0
2020-05-05,-56.0
2020-05-06,-16.0
2020-05-07,6.0
2020-05-08,0.0
2020-05-09,357.0
2020-05-10,293.0
2020-05-11,-9.0
2020-05-12,-471.0
2020-05-13,189.0
2020-05-14,-99.0
2020-05-15,19.0
2020-05-16,181.0
2020-05-17,0.0
2020-05-18,120.0
2020-05-19,111.0
2020-05-20,17.0
2020-05-21,120.0
2020-05-22,668.0
2020-05-23,119.0
2020-05-24,216.0
2020-05-25,0.0
2020-05-26,112.0
2020-05-27,90.0
2020-05-28,2.0
2020-05-29,-20.0
2020-05-30,-1328.0
2020-05-31,21.0
2020-06-01,-331.0
2020-06-02,272.0
2020-06-03,190.0
2020-06-04,-41.0
2020-06-05,0.0
2020-06-06,-291.0
2020-06-07,297.0
2020-06-08,391.0
2020-06-09,0.0
2020-06-10,512.0
2020-06-11,85.0
2020-06-12,334.0
2020-06-13,44.0
2020-06-14,-58.0
2020-06-15,186.0
2020-06-16,174.0
2020-06-17,0.0
2020-06-18,121.0
2020-06-19,47.0
2020-06-20,208.0
2020-06-21,-171.0
2020-06-22,-851.0
2020-06-23,137.0
2020-06-24,-33.0
2020-06-25,10.0
2020-06-26,43.0
2020-06-27,185.0
2020-06-28,530.0
2020-06-29,0.0
2020-06-30,148.0
2020-07-01,-280.0
2020-07-02,210.0
2020-07-03,0.0
2020-07-04,127.0
2020-07-05,-338.0
2020-07-06,-874.0
2020-07-07,0.0
2020-07-08,-185.0
2020-07-09,753.0
2020-07-10,93.0
2020-07-11,0.0
2020-07-12,-233.0
2020-07-13,-80.0
2020-07-14,-13.0
2020-07-15,-1057.417307692308
2020-07-16,0.0
2020-07-17,1379.417307692308
2020-07-18,-125.0
2020-07-19,-154.0
2020-07-20,-427.0
2020-07-21,0.0
2020-07-22,-1164.0
2020-07-23,0.0
2020-07-24,587.0
2020-07-25,379.0
2020-07-26,446.0
2020-07-27,0.0
2020-07-28,132.0
2020-07-29,691.0
2020-07-30,-163.0
2020-07-31,-810.0
2020-08-01,0.0
2020-08-02,321.0
2020-08-03,-34.0
2020-08-04,0.0
2020-08-05,293.0
2020-08-06,-112.0
2020-08-07,-14.0
2020-08-08,0.0
2020-08-09,140.0
2020-08-10,-112.0
2020-08-11,-151.0
2020-08-12,-136.0
2020-08-13,-314.0
2020-08-14,0.0
2020-08-15,143.0
2020-08-16,-795.417307692308
2020-08-17,820.417307692308
2020-08-18,-639.0
2020-08-19,487.0
2020-08-20,-196.0
2020-08-21,-724.0
2020-08-22,260.0
2020-08-23,73.0
2020-08-24,-14.0
2020-08-25,50.0
2020-08-26,156.0
2020-08-27,236.0
2020-08-28,279.0
2020-08-29,-54.0
2020-08-30,-171.0
2020-08-31,-124.0
2020-09-01,-366.0
2020-09-02,355.0
2020-09-03,355.0
2020-09-04,154.0
2020-09-05,-143.0
2020-09-06,-219.0
2020-09-07,0.0
2020-09-08,-55.0
2020-09-09,547.0
2020-09-10,0.0
2020-09-11,154.0
2020-09-12,66.0
2020-09-13,-131.0
2020-09-14,249.0
2020-09-15,-1405.417307692308
2020-09-16,1565.417307692308
2020-09-17,108.0
2020-09-18,10.0
2020-09-19,178.0
2020-09-20,-145.0
2020-09-21,-133.0
2020-09-22,104.0
2020-09-23,-149.0
2020-09-24,-132.0
2020-09-25,0.0
2020-09-26,-156.0
2020-09-27,-110.0
2020-09-28,-665.0
2020-09-29,88.0
2020-09-30,-59.0
2020-10-01,-116.0
2020-10-02,20.0
2020-10-03,-202.0
2020-10-04,-239.0
2020-10-05,-211.0
2020-10-06,138.0
2020-10-07,-104.0
2020-10-08,90.0
2020-10-09,22.0
2020-10-10,-55.0
2020-10-11,-164.0
2020-10-12,-276.0
2020-10-13,385.0
2020-10-14,82.0
2020-10-15,163.0
2020-10-16,-208.0
2020-10-17,-182.0
2020-10-18,-592.0
2020-10-19,0.0
2020-10-20,368.0
2020-10-21,-54.0
2020-10-22,67.0
2020-10-23,-2.0
2020-10-24,-329.0
2020-10-25,0.0
2020-10-26,-461.0
2020-10-27,569.0
2020-10-28,786.582692307692
2020-10-29,-882.582692307692
2020-10-30,29.0
2020-10-31,0.0
2020-11-01,-274.0
2020-11-02,-115.0
2020-11-03,250.0
2020-11-04,58.0
2020-11-05,183.0
2020-11-06,-174.0
2020-11-07,115.0
2020-11-08,-283.0
2020-11-09,52.0
2020-11-10,146.0
2020-11-11,11.0
2020-11-12,15.0
2020-11-13,-92.0
2020-11-14,961.582692307692
2020-11-15,-1491.582692307692
2020-11-16,251.0
2020-11-17,-1.0
2020-11-18,0.0
2020-11-19,256.0
2020-11-20,-21.0
2020-11-21,216.0
2020-11-22,-264.0
2020-11-23,71.0
2020-11-24,162.0
2020-11-25,6.0
2020-11-26,116.0
2020-11-27,-187.0
2020-11-28,231.0
2020-11-29,-323.0
2020-11-30,-10.0
2020-12-01,0.0
2020-12-02,118.0
2020-12-03,147.0
2020-12-04,46.0
2020-12-05,0.0
2020-12-06,-240.0
2020-12-07,6.0
2020-12-08,125.0
2020-12-09,-54.0
2020-12-10,88.0
2020-12-11,-112.0
2020-12-12,176.0
2020-12-13,-371.0
2020-12-14,236.0
2020-12-15,823.582692307692
2020-12-16,0.0
2020-12-17,-221.582692307692
2020-12-18,148.0
2020-12-19,301.0
2020-12-20,-478.0
2020-12-21,-83.0
2020-12-22,156.0
2020-12-23,43.0
2020-12-24,102.0
2020-12-25,-102.0
2020-12-26,154.0
2020-12-27,-334.0
2020-12-28,-1.0
2020-12-29,188.0
2020-12-30,147.0
2020-12-31,232.0
2021-01-01,26.0
2021-01-02,284.0
2021-01-03,-685.0
2021-01-04,180.0
2021-01-05,-227.0
2021-01-06,119.0
2021-01-07,-98.0
2021-01-08,296.0
2021-01-09,-379.0
2021-01-10,60.0
2021-01-11,357.0
2021-01-12,87.0
2021-01-13,128.0
2021-01-14,-33.0
2021-01-15,13.0
2021-01-16,-280.0
2021-01-17,148.0
2021-01-18,123.0
2021-01-19,-94.0
2021-01-20,102.0
2021-01-21,-117.0
2021-01-22,236.0
2021-01-23,-444.0
2021-01-24,80.0
2021-01-25,295.0
2021-01-26,-984.0
2021-01-27,778.0
2021-01-28,-15.0
2021-01-29,109.0
2021-01-30,-329.0
2021-01-31,6.0
2021-02-01,35.0
2021-02-02,-88.0
2021-02-03,-53.0
2021-02-04,-183.0
2021-02-05,359.0
2021-02-06,-406.0
2021-02-07,-44.0
2021-02-08,124.0
2021-02-09,-5.0
2021-02-10,-108.0
2021-02-11,-130.0
2021-02-12,192.0
2021-02-13,-239.0
2021-02-14,-108.0
2021-02-15,22.0
2021-02-16,33.0
2021-02-17,-60.0
2021-02-18,0.0
2021-02-19,164.0
2021-02-20,-306.0
2021-02-21,-36.0
2021-02-22,107.0
2021-02-23,-81.0
2021-02-24,86.0
2021-02-25,-89.0
2021-02-26,102.0
2021-02-27,0.0
2021-02-28,-381.0
2021-03-01,147.0
2021-03-02,30.0
2021-03-03,60.0
2021-03-04,-60.0
2021-03-05,173.0
2021-03-06,-366.0
2021-03-07,-32.0
2021-03-08,230.0
2021-03-09,89.0
2021-03-10,56.0
2021-03-11,-50.0
2021-03-12,89.0
2021-03-13,-336.0
2021-03-14,-28.0
2021-03-15,239.0
2021-03-16,4.0
2021-03-17,68.0
2021-03-18,-38.0
2021-03-19,173.0
2021-03-20,-282.0
2021-03-21,-128.0
2021-03-22,301.0
2021-03-23,-5.0
2021-03-24,-8.0
2021-03-25,-87.0
2021-03-26,107.0
2021-03-27,-271.0
2021-03-28,-173.0
2021-03-29,-431.0
2021-03-30,646.0
2021-03-31,196.0
2021-04-01,-87.0
2021-04-02,20.0
2021-04-03,-214.0
2021-04-04,-74.0
2021-04-05,521.0
2021-04-06,125.0
2021-04-07,84.0
2021-04-08,-140.0
2021-04-09,55.0
2021-04-10,-307.0
2021-04-11,-97.0
2021-04-12,556.0
2021-04-13,52.0
2021-04-14,-51.0
2021-04-15,270.0
2021-04-16,-1.0
2021-04-17,-1079.0
2021-04-18,112.0
2021-04-19,473.0
2021-04-20,-297.0
2021-04-21,-511.0
2021-04-22,6.0
2021-04-23,-77.0
2021-04-24,-163.0
2021-04-25,191.0
2021-04-26,291.0
2021-04-27,359.0
2021-04-28,231.0
2021-04-29,122.0
2021-04-30,-4.0
2021-05-01,55.0
2021-05-02,32.0
2021-05-03,139.0
2021-05-04,75.0
2021-05-05,207.0
2021-05-06,-26.0
2021-05-07,-703.0
2021-05-08,107.0
2021-05-09,38.0
2021-05-10,-34.0
2021-05-11,144.0
2021-05-12,40.0
2021-05-13,-156.0
2021-05-14,-79.0
2021-05-15,-19.0
2021-05-16,289.0
2021-05-17,99.0
2021-05-18,17.0
2021-05-19,-895.0
2021-05-20,-573.0
2021-05-21,64.0
2021-05-22,156.0
2021-05-23,-64.0
2021-05-24,353.0
2021-05-25,362.0
2021-05-26,440.0
2021-05-27,396.0
2021-05-28,424.0
2021-05-29,-81.0
2021-05-30,-243.0
2021-05-31,382.0
2021-06-01,-286.0
2021-06-02,-515.0
2021-06-03,605.0
2021-06-04,-72.0
2021-06-05,-604.0
2021-06-06,939.0
2021-06-07,570.0
2021-06-08,339.0
2021-06-09,412.0
2021-06-10,142.0
2021-06-11,-593.0
2021-06-12,-98.0
2021-06-13,-664.0
2021-06-14,620.0
2021-06-15,94.0
2021-06-16,-534.0
2021-06-17,28.0
2021-06-18,51.0
2021-06-19,-250.0
2021-06-20,-144.0
2021-06-21,754.0
2021-06-22,271.0
2021-06-23,369.0
2021-06-24,172.0
2021-06-25,-475.0
2021-06-26,-334.0
2021-06-27,390.0
2021-06-28,334.0
2021-06-29,119.0
2021-06-30,302.0
2021-07-01,113.0
2021-07-02,307.0
2021-07-03,-1141.0
2021-07-04,-140.0
2021-07-05,474.0
2021-07-06,306.0
2021-07-07,302.0
2021-07-08,112.0
2021-07-09,-376.0
2021-07-10,-136.0
2021-07-11,-86.0
2021-07-12,-142.0
2021-07-13,-329.0
2021-07-14,-776.0
2021-07-15,355.0
2021-07-16,646.0
2021-07-17,-60.0
2021-07-18,-208.0
2021-07-19,-688.0
2021-07-20,-380.0
2021-07-21,298.0
2021-07-22,50.0
2021-07-23,211.0
2021-07-24,-162.0
2021-07-25,633.0
2021-07-26,-153.0
2021-07-27,-269.0
2021-07-28,-678.0
2021-07-29,-13.0
2021-07-30,10.0
2021-07-31,29.0
2021-08-01,-114.0
2021-08-02,47.0
2021-08-03,234.0
2021-08-04,123.0
2021-08-05,199.0
2021-08-06,255.0
2021-08-07,-153.0
2021-08-08,-464.0
2021-08-09,72.0
2021-08-10,414.0
2021-08-11,159.0
2021-08-12,198.0
2021-08-13,94.0
2021-08-14,-100.0
2021-08-15,-80.0
2021-08-16,520.0
2021-08-17,176.0
2021-08-18,-60.0
2021-08-19,-85.0
2021-08-20,-286.0
2021-08-21,-1227.0
2021-08-22,-42.0
2021-08-23,689.0
2021-08-24,264.0
2021-08-25,9.0
2021-08-26,-216.0
2021-08-27,152.0
2021-08-28,-109.0
2021-08-29,-277.0
2021-08-30,-196.0
2021-08-31,-219.0
2021-09-01,-622.0
2021-09-02,376.0
2021-09-03,466.0
2021-09-04,-637.0
2021-09-05,326.0
2021-09-06,677.0
2021-09-07,-15.0
2021-09-08,-283.0
2021-09-09,-97.0
2021-09-10,-37.0
2021-09-11,-547.0
2021-09-12,-508.0
2021-09-13,811.0
2021-09-14,-80.0
2021-09-15,98.0
2021-09-16,-268.0
2021-09-17,-121.0
2021-09-18,-148.0
2021-09-19,266.0
2021-09-20,518.0
2021-09-21,124.0
2021-09-22,-606.0
2021-09-23,208.0
2021-09-24,-52.0
2021-09-25,-383.0
2021-09-26,-106.0
2021-09-27,607.0
2021-09-28,186.0
2021-09-29,55.0
2021-09-30,56.0
2021-10-01,-24.0
2021-10-02,-157.0
2021-10-03,60.0
2021-10-04,275.0
2021-10-05,21.0
2021-10-06,-160.0
2021-10-07,-210.0
2021-10-08,-140.0
2021-10-09,-270.0
2021-10-10,-33.0
2021-10-11,147.0
2021-10-12,24.0
2021-10-13,-325.0
2021-10-14,-222.0
2021-10-15,-643.0
2021-10-16,567.0
2021-10-17,-300.0
2021-10-18,-90.0
2021-10-19,-50.0
2021-10-20,162.0
2021-10-21,-56.0
2021-10-22,44.0
2021-10-23,-220.0
2021-10-24,-133.0
2021-10-25,26.0
2021-10-26,15.0
2021-10-27,19.0
2021-10-28,-97.0
2021-10-29,120.0
2021-10-30,-289.0
2021-10-31,-55.0
2021-11-01,227.0
2021-11-02,17.0
2021-11-03,-35.0
2021-11-04,-679.0
2021-11-05,-50.0
2021-11-06,209.0
2021-11-07,45.0
2021-11-08,347.0
2021-11-09,29.0
2021-11-10,135.0
2021-11-11,-158.0
2021-11-12,235.0
2021-11-13,-258.0
2021-11-14,16.0
2021-11-15,156.0
2021-11-16,-20.0
2021-11-17,135.0
2021-11-18,-54.0
2021-11-19,107.0
2021-11-20,-225.0
2021-11-21,12.0
2021-11-22,92.0
2021-11-23,55.0
2021-11-24,36.0
2021-11-25,-30.0
2021-11-26,232.0
2021-11-27,-356.0
2021-11-28,50.0
2021-11-29,117.0
2021-11-30,-29.0
2021-12-01,138.0
2021-12-02,-3.0
2021-12-03,239.0
2021-12-04,-414.0
2021-12-05,29.0
2021-12-06,81.0
2021-12-07,-25.0
2021-12-08,131.0
2021-12-09,-66.0
2021-12-10,251.0
2021-12-11,-274.0
2021-12-12,0.0
2021-12-13,192.0
2021-12-14,6.0
2021-12-15,162.0
2021-12-16,-59.0
2021-12-17,312.0
2021-12-18,-258.0
2021-12-19,100.0
2021-12-20,247.0
2021-12-21,-42.0
2021-12-22,139.0
2021-12-23,-85.0
2021-12-24,209.0
2021-12-25,-441.0
2021-12-26,-63.0
2021-12-27,246.0
2021-12-28,-119.0
2021-12-29,162.0
2021-12-30,-115.0
2021-12-31,365.0
2022-01-01,-113.0
2022-01-02,-436.0
2022-01-03,433.0
2022-01-04,-26.0
2022-01-05,-119.0
2022-01-06,-53.0
2022-01-07,290.0
2022-01-08,-1214.0
2022-01-09,415.0
2022-01-10,813.0
2022-01-11,-68.0
2022-01-12,110.0
2022-01-13,-38.0
2022-01-14,510.0
2022-01-15,-1042.0
2022-01-16,80.0
2022-01-17,698.0
2022-01-18,75.0
2022-01-19,52.0
2022-01-20,-162.0
2022-01-21,252.0
2022-01-22,-1128.0
2022-01-23,239.0
2022-01-24,677.0
2022-01-25,90.0
2022-01-26,-731.0
2022-01-27,521.0
2022-01-28,289.0
2022-01-29,-667.0
2022-01-30,11.0
2022-01-31,148.0
2022-02-01,83.0
2022-02-02,76.0
2022-02-03,-128.0
2022-02-04,276.0
2022-02-05,-170.0
2022-02-06,-390.0
2022-02-07,125.0
2022-02-08,-245.0
2022-02-09,80.0
2022-02-10,-79.0
2022-02-11,204.0
2022-02-12,-391.0
2022-02-13,-79.0
2022-02-14,88.0
2022-02-15,-22.0
2022-02-16,68.0
2022-02-17,-166.0
2022-02-18,140.0
2022-02-19,-399.0
2022-02-20,89.0
2022-02-21,56.0
2022-02-22,51.0
2022-02-23,115.0
2022-02-24,-112.0
2022-02-25,99.0
2022-02-26,-313.0
2022-02-27,32.0
2022-02-28,90.0
2022-03-01,279.0
2022-03-02,-322.0
2022-03-03,31.0
2022-03-04,141.0
2022-03-05,-368.0
2022-03-06,104.0
2022-03-07,141.0
2022-03-08,-99.0
2022-03-09,15.0
2022-03-10,5.0
2022-03-11,66.0
2022-03-12,-266.0
2022-03-13,-40.0
2022-03-14,218.0
2022-03-15,784.582692307692
2022-03-16,0.0
2022-03-17,-559.582692307692
2022-03-18,-932.0
2022-03-19,522.0
2022-03-20,111.0
2022-03-21,543.0
2022-03-22,-87.0
2022-03-23,50.0
2022-03-24,-27.0
2022-03-25,27.0
2022-03-26,0.0
2022-03-27,-446.0
2022-03-28,467.0
2022-03-29,216.0
2022-03-30,204.0
2022-03-31,-88.41730769230799
2022-04-01,59.417307692307986
2022-04-02,-305.0
2022-04-03,73.0
2022-04-04,310.0
2022-04-05,96.0
2022-04-06,85.0
2022-04-07,182.0
2022-04-08,142.0
2022-04-09,-196.0
2022-04-10,133.0
2022-04-11,454.0
2022-04-12,-193.0
2022-04-13,27.0
2022-04-14,-167.0
2022-04-15,-82.0
2022-04-16,-1.0
2022-04-17,172.0
2022-04-18,438.0
2022-04-19,44.0
2022-04-20,24.0
2022-04-21,-20.0
2022-04-22,-322.0
2022-04-23,-228.0
2022-04-24,112.0
2022-04-25,331.0
2022-04-26,77.0
2022-04-27,137.0
2022-04-28,203.0
2022-04-29,154.0
2022-04-30,-126.0
2022-05-01,23.0
2022-05-02,130.0
2022-05-03,4.0
2022-05-04,-6.0
2022-05-05,-750.0
2022-05-06,92.0
2022-05-07,-37.0
2022-05-08,336.0
2022-05-09,295.0
2022-05-10,132.0
2022-05-11,331.0
2022-05-12,232.0
2022-05-13,29.0
2022-05-14,-67.0
2022-05-15,-83.0
2022-05-16,55.0
2022-05-17,-7.0
2022-05-18,-22.0
2022-05-19,351.0
2022-05-20,-193.0
2022-05-21,-403.0
2022-05-22,-477.0
2022-05-23,117.0
2022-05-24,-1590.0
2022-05-25,309.0
2022-05-26,344.0
2022-05-27,565.0
2022-05-28,453.0
2022-05-29,-166.0
2022-05-30,390.0
2022-05-31,-242.0
2022-06-01,-24.0
2022-06-02,351.0
2022-06-03,76.0
2022-06-04,25.0
2022-06-05,33.0
2022-06-06,-2219.417307692308
2022-06-07,2440.417307692308
2022-06-08,27.0
2022-06-09,224.0
2022-06-10,41.0
2022-06-11,-122.0
2022-06-12,-32.0
2022-06-13,267.0
2022-06-14,-63.0
2022-06-15,88.0
2022-06-16,-40.0
2022-06-17,-479.0
2022-06-18,-1383.0
2022-06-19,-147.0
2022-06-20,-168.0
2022-06-21,263.0
2022-06-22,263.0
2022-06-23,51.0
2022-06-24,27.0
2022-06-25,176.0
2022-06-26,910.0
2022-06-27,468.0
2022-06-28,360.0
2022-06-29,242.0
2022-06-30,-640.0
2022-07-01,-1841.0
2022-07-02,362.0
2022-07-03,267.0
2022-07-04,662.0
2022-07-05,403.0
2022-07-06,296.0
2022-07-07,5.0
2022-07-08,127.0
2022-07-09,-230.0
2022-07-10,-1048.0
2022-07-11,395.0
2022-07-12,-210.0
2022-07-13,-61.0
2022-07-14,-84.0
2022-07-15,600.0
2022-07-16,-92.0
2022-07-17,-635.0
2022-07-18,801.0
2022-07-19,-31.0
2022-07-20,-245.0
2022-07-21,-750.0
2022-07-22,-130.0
2022-07-23,-206.0
2022-07-24,170.0
2022-07-25,115.0
2022-07-26,106.0
2022-07-27,21.0
2022-07-28,-205.0
2022-07-29,-213.0
2022-07-30,-501.0
2022-07-31,92.0
2022-08-01,398.0
2022-08-02,621.0
2022-08-03,-122.0
2022-08-04,-153.0
2022-08-05,-333.0
2022-08-06,97.0
2022-08-07,-157.0
2022-08-08,355.0
2022-08-09,457.0
2022-08-10,155.0
2022-08-11,-60.0
2022-08-12,-455.0
2022-08-13,-7.0
2022-08-14,-74.0
2022-08-15,-644.0
2022-08-16,-52.0
2022-08-17,390.0
2022-08-18,322.0
2022-08-19,-97.0
2022-08-20,-64.0
2022-08-21,417.0
2022-08-22,203.0
2022-08-23,-156.0
2022-08-24,-328.0
2022-08-25,79.0
2022-08-26,238.0
2022-08-27,-190.0
2022-08-28,35.0
2022-08-29,0.0
2022-08-30,-79.0
2022-08-31,387.0
2022-09-01,226.0
2022-09-02,-39.0
2022-09-03,-142.0
2022-09-04,-10.0
2022-09-05,141.0
2022-09-06,59.0
2022-09-07,-6.0
2022-09-08,152.0
2022-09-09,-20.0
2022-09-10,-72.0
2022-09-11,-270.0
2022-09-12,172.0
2022-09-13,-162.0
2022-09-14,-335.0
2022-09-15,-1590.417307692308
2022-09-16,0.0
2022-09-17,389.417307692308
2022-09-18,348.0
2022-09-19,224.0
2022-09-20,14.0
2022-09-21,-165.0
2022-09-22,-449.0
2022-09-23,-145.0
2022-09-24,-427.0
2022-09-25,-159.0
2022-09-26,625.0
2022-09-27,159.0
2022-09-28,125.0
2022-09-29,122.0
2022-09-30,44.0
2022-10-01,-340.0
2022-10-02,-212.0
2022-10-03,293.0
2022-10-04,141.0
2022-10-05,-251.0
2022-10-06,-77.0
2022-10-07,-166.0
2022-10-08,-655.0
2022-10-09,-373.0
2022-10-10,0.0
2022-10-11,452.0
2022-10-12,139.0
2022-10-13,-18.0
2022-10-14,6.0
2022-10-15,-333.0
2022-10-16,-198.0
2022-10-17,533.0
2022-10-18,-49.0
2022-10-19,61.0
2022-10-20,32.0
2022-10-21,-4.0
2022-10-22,-278.0
2022-10-23,-486.0
2022-10-24,-285.0
2022-10-25,114.0
2022-10-26,-61.0
2022-10-27,382.0
2022-10-28,234.0
2022-10-29,-197.0
2022-10-30,-229.0
2022-10-31,319.0
2022-11-01,107.0
2022-11-02,58.0
2022-11-03,4.0
2022-11-04,122.0
2022-11-05,-201.0
2022-11-06,-142.0
2022-11-07,263.0
2022-11-08,-15.0
2022-11-09,-39.0
2022-11-10,118.0
2022-11-11,-75.0
2022-11-12,-287.0
2022-11-13,-105.0
2022-11-14,175.0
2022-11-15,-14.0
2022-11-16,51.0
2022-11-17,-48.0
2022-11-18,189.0
2022-11-19,-278.0
2022-11-20,115.0
2022-11-21,-25.0
2022-11-22,62.0
2022-11-23,23.0
2022-11-24,-54.0
2022-11-25,118.0
2022-11-26,-153.0
2022-11-27,83.0
2022-11-28,-27.0
2022-11-29,36.0
2022-11-30,134.0
2022-12-01,-109.0
2022-12-02,178.0
2022-12-03,-170.0
2022-12-04,-304.0
2022-12-05,316.0
2022-12-06,104.0
2022-12-07,68.0
2022-12-08,-230.0
2022-12-09,335.0
2022-12-10,-160.0
2022-12-11,30.0
2022-12-12,-15.0
2022-12-13,35.0
2022-12-14,113.0
2022-12-15,-82.0
2022-12-16,224.0
2022-12-17,-270.0
2022-12-18,243.0
2022-12-19,-190.0
2022-12-20,203.0
2022-12-21,186.0
2022-12-22,-14.0
2022-12-23,318.0
2022-12-24,-276.0
2022-12-25,201.0
2022-12-26,206.0
2022-12-27,-16.0
2022-12-28,193.0
2022-12-29,-182.0
2022-12-30,155.0
2022-12-31,-386.0
2023-01-01,133.0
2023-01-02,-8.0
2023-01-03,246.0
2023-01-04,214.0
2023-01-05,185.0
2023-01-06,174.0
2023-01-07,-308.0
2023-01-08,46.0
2023-01-09,329.0
2023-01-10,-81.0
2023-01-11,-9.0
2023-01-12,-296.0
2023-01-13,-30.0
2023-01-14,-317.0
2023-01-15,52.0
2023-01-16,93.0
2023-01-17,123.0
2023-01-18,78.0
2023-01-19,-251.0
2023-01-20,35.0
2023-01-21,-381.0
2023-01-22,59.0
2023-01-23,-145.0
2023-01-24,-16.0
2023-01-25,95.0
2023-01-26,-532.0
2023-01-27,703.0
2023-01-28,-288.0
2023-01-29,75.0
2023-01-30,137.0
2023-01-31,41.0
2023-02-01,-54.0
2023-02-02,-151.0
2023-02-03,178.0
2023-02-04,-477.0
2023-02-05,90.0
2023-02-06,-160.0
2023-02-07,27.0
2023-02-08,14.0
2023-02-09,-111.0
2023-02-10,54.0
2023-02-11,-185.0
2023-02-12,-42.0
2023-02-13,89.0
2023-02-14,118.0
2023-02-15,52.0
2023-02-16,-242.0
2023-02-17,187.0
2023-02-18,-77.0
2023-02-19,-321.0
2023-02-20,60.0
2023-02-21,88.0
2023-02-22,107.0
2023-02-23,-192.0
2023-02-24,269.0
2023-02-25,-391.0
2023-02-26,-29.0
2023-02-27,198.0
2023-02-28,-26.0
2023-03-01,23.0
2023-03-02,-13.0
2023-03-03,103.0
2023-03-04,-235.0
2023-03-05,-112.0
2023-03-06,160.0
2023-03-07,9.0
2023-03-08,-1175.0
2023-03-09,743.0
2023-03-10,391.0
2023-03-11,-191.0
2023-03-12,-24.0
2023-03-13,260.0
2023-03-14,121.0
2023-03-15,-19.0
2023-03-16,27.0
2023-03-17,132.0
2023-03-18,-375.0
2023-03-19,-85.0
2023-03-20,209.0
2023-03-21,-74.0
2023-03-22,286.0
2023-03-23,-214.0
2023-03-24,171.0
2023-03-25,-322.0
2023-03-26,-145.0
2023-03-27,231.0
2023-03-28,76.0
2023-03-29,6.0
2023-03-30,-130.0
2023-03-31,181.0
2023-04-01,-288.0
2023-04-02,-51.0
2023-04-03,228.0
2023-04-04,-38.0
2023-04-05,116.0
2023-04-06,-34.0
2023-04-07,134.0
2023-04-08,-222.0
2023-04-09,-135.0
2023-04-10,403.0
2023-04-11,96.0
2023-04-12,218.0
2023-04-13,150.0
2023-04-14,29.0
2023-04-15,-14.0
2023-04-16,80.0
2023-04-17,688.0
2023-04-18,265.0
2023-04-19,-92.0
2023-04-20,-204.0
2023-04-21,-348.0
2023-04-22,-370.0
2023-04-23,-376.0
2023-04-24,148.0
2023-04-25,92.0
2023-04-26,271.0
2023-04-27,181.0
2023-04-28,-231.0
2023-04-29,-347.0
2023-04-30,-257.0
2023-05-01,-184.0
2023-05-02,75.0
2023-05-03,262.0
2023-05-04,-274.0
2023-05-05,270.0
2023-05-06,-114.0
2023-05-07,-10.0
2023-05-08,644.0
2023-05-09,58.0
2023-05-10,77.0
2023-05-11,213.0
2023-05-12,337.0
2023-05-13,52.0
2023-05-14,-9.0
2023-05-15,473.0
2023-05-16,30.0
2023-05-17,176.0
2023-05-18,-274.0
2023-05-19,-135.0
2023-05-20,-67.0
2023-05-21,557.0
2023-05-22,479.0
2023-05-23,358.0
2023-05-24,-643.0
2023-05-25,-573.0
2023-05-26,-578.0
2023-05-27,60.0
2023-05-28,-271.0
2023-05-29,2.0
2023-05-30,89.0
2023-05-31,-409.0
