,Date,Max.Demand met during the day (MW)
0,2013-04-01,2776.0
1,2013-04-02,3034.0
2,2013-04-03,2991.0
3,2013-04-04,3125.0
4,2013-04-05,3160.0
5,2013-04-06,3153.0
6,2013-04-07,3055.0
7,2013-04-08,2993.0
8,2013-04-09,3328.0
9,2013-04-10,3314.0
10,2013-04-11,3513.0
11,2013-04-12,3491.0
12,2013-04-13,3511.0
13,2013-04-14,3153.0
14,2013-04-15,3180.0
15,2013-04-16,3558.0
16,2013-04-17,3646.0
17,2013-04-18,3658.0
18,2013-04-19,3751.0
19,2013-04-20,3534.0
20,2013-04-21,3592.0
21,2013-04-22,3247.0
22,2013-04-23,3535.0
23,2013-04-24,3601.0
24,2013-04-25,3692.0
25,2013-04-26,3937.0
26,2013-04-27,3871.0
27,2013-04-28,3570.0
28,2013-04-29,3497.0
29,2013-04-30,3880.0
30,2013-05-01,4126.0
31,2013-05-02,3853.0
32,2013-05-03,3918.0
33,2013-05-04,3931.0
34,2013-05-05,3930.0
35,2013-05-06,4013.0
36,2013-05-07,4325.0
37,2013-05-08,4351.0
38,2013-05-09,4488.0
39,2013-05-10,4554.0
40,2013-05-11,4547.0
41,2013-05-12,4151.0
42,2013-05-13,3775.0
43,2013-05-14,4155.0
44,2013-05-15,4361.0
45,2013-05-16,4435.0
46,2013-05-17,4521.0
47,2013-05-18,4578.0
48,2013-05-19,4381.0
49,2013-05-20,4384.0
50,2013-05-21,4713.0
51,2013-05-22,4892.0
52,2013-05-23,4895.0
53,2013-05-24,4996.0
54,2013-05-25,5173.0
55,2013-05-26,4906.0
56,2013-05-27,4739.0
57,2013-05-28,5198.0
58,2013-05-29,5001.0
59,2013-05-30,4981.0
60,2013-05-31,4981.0
61,2013-06-01,4822.0
62,2013-06-02,4490.0
63,2013-06-03,4510.0
64,2013-06-04,4510.0
65,2013-06-05,5010.0
66,2013-06-06,5161.0
67,2013-06-07,5567.0
68,2013-06-08,5091.0
69,2013-06-09,5052.0
70,2013-06-10,4908.0
71,2013-06-11,5139.0
72,2013-06-12,4838.0
73,2013-06-13,5045.0
74,2013-06-14,4698.0
75,2013-06-15,4640.0
76,2013-06-16,4367.0
77,2013-06-17,3591.0
78,2013-06-18,3637.0
79,2013-06-19,3852.0
80,2013-06-20,4118.0
81,2013-06-21,4581.0
82,2013-06-22,4812.0
83,2013-06-23,4791.0
84,2013-06-24,4900.0
85,2013-06-25,5364.0
86,2013-06-26,4999.0
87,2013-06-27,4867.0
88,2013-06-28,5048.0
89,2013-06-29,5048.0
90,2013-06-30,4837.0
91,2013-07-01,4721.0
92,2013-07-02,5070.0
93,2013-07-03,5338.0
94,2013-07-04,5077.0
95,2013-07-05,5197.0
96,2013-07-06,5181.0
97,2013-07-07,4743.0
98,2013-07-08,4648.0
99,2013-07-09,4958.0
100,2013-07-10,4786.0
101,2013-07-11,4488.0
102,2013-07-12,4760.0
103,2013-07-13,4580.0
104,2013-07-14,4571.0
105,2013-07-15,4396.0
106,2013-07-16,4948.0
107,2013-07-17,4796.0
108,2013-07-18,4974.0
109,2013-07-19,5053.0
110,2013-07-20,5020.0
111,2013-07-21,4318.0
112,2013-07-22,4251.0
113,2013-07-23,4323.0
114,2013-07-24,4683.0
115,2013-07-25,4949.0
116,2013-07-26,4561.0
117,2013-07-27,4606.0
118,2013-07-28,4606.0
119,2013-07-29,4675.0
120,2013-07-30,4932.0
121,2013-07-31,4828.0
122,2013-08-01,4508.0
123,2013-08-02,4646.0
124,2013-08-03,4783.0
125,2013-08-04,4709.0
126,2013-08-05,4853.0
127,2013-08-06,4649.0
128,2013-08-07,4197.0
129,2013-08-08,4218.0
130,2013-08-09,4160.0
131,2013-08-10,3665.0
132,2013-08-11,3881.0
133,2013-08-12,4075.0
134,2013-08-13,4405.0
135,2013-08-14,4341.0
136,2013-08-15,4341.0
137,2013-08-16,3756.0
138,2013-08-17,4090.0
139,2013-08-18,3783.0
140,2013-08-19,3772.0
141,2013-08-20,4081.0
142,2013-08-21,3811.0
143,2013-08-22,4167.0
144,2013-08-23,4154.0
145,2013-08-24,4447.0
146,2013-08-25,4542.0
147,2013-08-26,4500.0
148,2013-08-27,4930.0
149,2013-08-28,4859.0
150,2013-08-29,4859.0
151,2013-08-30,4859.0
152,2013-08-31,4426.0
153,2013-09-01,4229.0
154,2013-09-02,4415.0
155,2013-09-03,4691.0
156,2013-09-04,4690.0
157,2013-09-05,4574.0
158,2013-09-06,4637.0
159,2013-09-07,4644.0
160,2013-09-08,4531.0
161,2013-09-09,4251.0
162,2013-09-10,4373.0
163,2013-09-11,4659.0
164,2013-09-12,4788.0
165,2013-09-13,4685.0
166,2013-09-14,4750.0
167,2013-09-15,4750.0
168,2013-09-16,4504.0
169,2013-09-17,4461.0
170,2013-09-18,4374.0
171,2013-09-19,4430.0
172,2013-09-20,4556.0
173,2013-09-21,4556.0
174,2013-09-22,3982.0
175,2013-09-23,3953.0
176,2013-09-24,3953.0
177,2013-09-25,4544.0
178,2013-09-26,4348.0
179,2013-09-27,4310.0
180,2013-09-28,4449.0
181,2013-09-29,4197.0
182,2013-09-30,3901.0
183,2013-10-01,4079.0
184,2013-10-02,4136.0
185,2013-10-03,3570.0
186,2013-10-04,4111.0
187,2013-10-05,3743.0
188,2013-10-06,3829.0
189,2013-10-07,3758.0
190,2013-10-08,4053.0
191,2013-10-09,4199.0
192,2013-10-10,4226.0
193,2013-10-11,4274.0
194,2013-10-12,3677.0
195,2013-10-13,3690.0
196,2013-10-14,3053.0
197,2013-10-15,3917.0
198,2013-10-16,3917.0
199,2013-10-17,3803.0
200,2013-10-18,3930.0
201,2013-10-19,3957.0
202,2013-10-20,3664.0
203,2013-10-21,3312.0
204,2013-10-22,3635.0
205,2013-10-23,3552.0
206,2013-10-24,3618.0
207,2013-10-25,3688.0
208,2013-10-26,3653.0
209,2013-10-27,3382.0
210,2013-10-28,3149.0
211,2013-10-29,3404.0
212,2013-10-30,3600.0
213,2013-10-31,3515.0
214,2013-11-01,3543.0
215,2013-11-02,3546.0
216,2013-11-03,3246.0
217,2013-11-04,2926.0
218,2013-11-05,2807.0
219,2013-11-06,2959.0
220,2013-11-07,3205.0
221,2013-11-08,3184.0
222,2013-11-09,3088.0
223,2013-11-10,3008.0
224,2013-11-11,2851.0
225,2013-11-12,3177.0
226,2013-11-13,3120.0
227,2013-11-14,3100.0
228,2013-11-15,3161.0
229,2013-11-16,3180.0
230,2013-11-17,2952.0
231,2013-11-18,3016.0
232,2013-11-19,3095.0
233,2013-11-20,3095.0
234,2013-11-21,3065.0
235,2013-11-22,3166.0
236,2013-11-23,3132.0
237,2013-11-24,2998.0
238,2013-11-25,2983.0
239,2013-11-26,3048.0
240,2013-11-27,3104.0
241,2013-11-28,3097.0
242,2013-11-29,3178.0
243,2013-11-30,3130.0
244,2013-12-01,2994.0
245,2013-12-02,2991.0
246,2013-12-03,3050.0
247,2013-12-04,3098.0
248,2013-12-05,2791.0
249,2013-12-06,3127.0
250,2013-12-07,3208.0
251,2013-12-08,3086.0
252,2013-12-09,3155.0
253,2013-12-10,3091.0
254,2013-12-11,3097.0
255,2013-12-12,3170.0
256,2013-12-13,3200.0
257,2013-12-14,3263.0
258,2013-12-15,3252.0
259,2013-12-16,3149.0
260,2013-12-17,3244.0
261,2013-12-18,3224.0
262,2013-12-19,2892.0
263,2013-12-20,3277.0
264,2013-12-21,3381.0
265,2013-12-22,3321.0
266,2013-12-23,3343.0
267,2013-12-24,3499.0
268,2013-12-25,3342.0
269,2013-12-26,3484.0
270,2013-12-27,3492.0
271,2013-12-28,3639.0
272,2013-12-29,3526.0
273,2013-12-30,3408.0
274,2013-12-31,3665.0
275,2014-01-01,3711.0
276,2014-01-02,3811.0
277,2014-01-03,3783.0
278,2014-01-04,3926.0
279,2014-01-05,3626.0
280,2014-01-06,3588.0
281,2014-01-07,3771.0
282,2014-01-08,3902.0
283,2014-01-09,3793.0
284,2014-01-10,3812.0
285,2014-01-11,3666.0
286,2014-01-12,3713.0
287,2014-01-13,3564.0
288,2014-01-14,3787.0
289,2014-01-15,3709.0
290,2014-01-16,3815.0
291,2014-01-17,3805.0
292,2014-01-18,3902.0
293,2014-01-19,3569.0
294,2014-01-20,3726.0
295,2014-01-21,3797.0
296,2014-01-22,3666.0
297,2014-01-23,3826.0
298,2014-01-24,3720.0
299,2014-01-25,3871.0
300,2014-01-26,3714.0
301,2014-01-27,3266.0
302,2014-01-28,3580.0
303,2014-01-29,3569.0
304,2014-01-30,3510.0
305,2014-01-31,3502.0
306,2014-02-01,3722.0
307,2014-02-02,3593.0
308,2014-02-03,3591.0
309,2014-02-04,3408.0
310,2014-02-05,3432.0
311,2014-02-06,3416.0
312,2014-02-07,3308.0
313,2014-02-08,3440.0
314,2014-02-09,3451.0
315,2014-02-10,3433.0
316,2014-02-11,3446.0
317,2014-02-12,3387.0
318,2014-02-13,3461.0
319,2014-02-14,3460.0
320,2014-02-15,3546.0
321,2014-02-16,3621.0
322,2014-02-17,3560.0
323,2014-02-18,3616.0
324,2014-02-19,3522.0
325,2014-02-20,3561.0
326,2014-02-21,3455.0
327,2014-02-22,3562.0
328,2014-02-23,3351.0
329,2014-02-24,3370.0
330,2014-02-25,3462.0
331,2014-02-26,3237.0
332,2014-02-27,3279.0
333,2014-02-28,3362.0
334,2014-03-01,3290.0
335,2014-03-02,3265.0
336,2014-03-03,3034.0
337,2014-03-04,3367.0
338,2014-03-05,3348.0
339,2014-03-06,3286.0
340,2014-03-07,3197.0
341,2014-03-08,3295.0
342,2014-03-09,3043.0
343,2014-03-10,3005.0
344,2014-03-11,3028.0
345,2014-03-12,3210.0
346,2014-03-13,3175.0
347,2014-03-14,3158.0
348,2014-03-15,3297.0
349,2014-03-16,2992.0
350,2014-03-17,2850.0
351,2014-03-18,2265.0
352,2014-03-19,2724.0
353,2014-03-20,3000.0
354,2014-03-21,2995.0
355,2014-03-22,3097.0
356,2014-03-23,3031.0
357,2014-03-24,2778.0
358,2014-03-25,3077.0
359,2014-03-26,3068.0
360,2014-03-27,3138.0
361,2014-03-28,3086.0
362,2014-03-29,3165.0
363,2014-03-30,3078.0
364,2014-03-31,2825.0
365,2014-04-01,3069.0
366,2014-04-02,3107.0
367,2014-04-03,3177.0
368,2014-04-04,3224.0
369,2014-04-05,3307.0
370,2014-04-06,3168.0
371,2014-04-07,3155.0
372,2014-04-08,3368.0
373,2014-04-09,3184.0
374,2014-04-10,3275.0
375,2014-04-11,2724.0
376,2014-04-12,3375.0
377,2014-04-13,3363.0
378,2014-04-14,3065.0
379,2014-04-15,3369.0
380,2014-04-16,3608.0
381,2014-04-17,3532.0
382,2014-04-18,3504.0
383,2014-04-19,3299.0
384,2014-04-20,3245.0
385,2014-04-21,3149.0
386,2014-04-22,3484.0
387,2014-04-23,3535.0
388,2014-04-24,3545.0
389,2014-04-25,3723.0
390,2014-04-26,3851.0
391,2014-04-27,3727.0
392,2014-04-28,3602.0
393,2014-04-29,4037.0
394,2014-04-30,4115.0
395,2014-05-01,4377.0
396,2014-05-02,4370.0
397,2014-05-03,4593.0
398,2014-05-04,4274.0
399,2014-05-05,4351.0
400,2014-05-06,4423.0
401,2014-05-07,4369.0
402,2014-05-08,4559.0
403,2014-05-09,4692.0
404,2014-05-10,4372.0
405,2014-05-11,4039.0
406,2014-05-12,3959.0
407,2014-05-13,3969.0
408,2014-05-14,3804.0
409,2014-05-15,3592.0
410,2014-05-16,3858.0
411,2014-05-17,4115.0
412,2014-05-18,4008.0
413,2014-05-19,4061.0
414,2014-05-20,4239.0
415,2014-05-21,4364.0
416,2014-05-22,4478.0
417,2014-05-23,4663.0
418,2014-05-24,4810.0
419,2014-05-25,4433.0
420,2014-05-26,4011.0
421,2014-05-27,4389.0
422,2014-05-28,4597.0
423,2014-05-29,4836.0
424,2014-05-30,4936.0
425,2014-05-31,5321.0
426,2014-06-01,4283.0
427,2014-06-02,4235.0
428,2014-06-03,4594.0
429,2014-06-04,4804.0
430,2014-06-05,4970.0
431,2014-06-06,5323.0
432,2014-06-07,5162.0
433,2014-06-08,5026.0
434,2014-06-09,4808.0
435,2014-06-10,5067.0
436,2014-06-11,5259.0
437,2014-06-12,5327.0
438,2014-06-13,5203.0
439,2014-06-14,4745.0
440,2014-06-15,4344.0
441,2014-06-16,4479.0
442,2014-06-17,5163.0
443,2014-06-18,5390.0
444,2014-06-19,5448.0
445,2014-06-20,5434.0
446,2014-06-21,5490.0
447,2014-06-22,5146.0
448,2014-06-23,5029.0
449,2014-06-24,5125.0
450,2014-06-25,5194.0
451,2014-06-26,5003.0
452,2014-06-27,5212.0
453,2014-06-28,5298.0
454,2014-06-29,5133.0
455,2014-06-30,4951.0
456,2014-07-01,5273.0
457,2014-07-02,5176.0
458,2014-07-03,4794.0
459,2014-07-04,4558.0
460,2014-07-05,5037.0
461,2014-07-06,5003.0
462,2014-07-07,4730.0
463,2014-07-08,5252.0
464,2014-07-09,5411.0
465,2014-07-10,5578.0
466,2014-07-11,5749.0
467,2014-07-12,5778.0
468,2014-07-13,5521.0
469,2014-07-14,5318.0
470,2014-07-15,5655.0
471,2014-07-16,5852.0
472,2014-07-17,5610.0
473,2014-07-18,5411.0
474,2014-07-19,4571.0
475,2014-07-20,4643.0
476,2014-07-21,4818.0
477,2014-07-22,5308.0
478,2014-07-23,5216.0
479,2014-07-24,4988.0
480,2014-07-25,4896.0
481,2014-07-26,4841.0
482,2014-07-27,5032.0
483,2014-07-28,4951.0
484,2014-07-29,4880.0
485,2014-07-30,4501.0
486,2014-07-31,4941.0
487,2014-08-01,5159.0
488,2014-08-02,5280.0
489,2014-08-03,4924.0
490,2014-08-04,4811.0
491,2014-08-05,5106.0
492,2014-08-06,4936.0
493,2014-08-07,5074.0
494,2014-08-08,4961.0
495,2014-08-09,4883.0
496,2014-08-10,4772.0
497,2014-08-11,4476.0
498,2014-08-12,4768.0
499,2014-08-13,5171.0
500,2014-08-14,5221.0
501,2014-08-15,5152.0
502,2014-08-16,4442.0
503,2014-08-17,4621.0
504,2014-08-18,4538.0
505,2014-08-19,4903.0
506,2014-08-20,5128.0
507,2014-08-21,5245.0
508,2014-08-22,5150.0
509,2014-08-23,5301.0
510,2014-08-24,5249.0
511,2014-08-25,5210.0
512,2014-08-26,5421.0
513,2014-08-27,5354.0
514,2014-08-28,5463.0
515,2014-08-29,5113.0
516,2014-08-30,4943.0
517,2014-08-31,4601.0
518,2014-09-01,4255.0
519,2014-09-02,4447.0
520,2014-09-03,4402.0
521,2014-09-04,4383.0
522,2014-09-05,4347.0
523,2014-09-06,4294.0
524,2014-09-07,4006.0
525,2014-09-08,4324.0
526,2014-09-09,4619.0
527,2014-09-10,4778.0
528,2014-09-11,4606.0
529,2014-09-12,4207.0
530,2014-09-13,4150.0
531,2014-09-14,4237.0
532,2014-09-15,3903.0
533,2014-09-16,4474.0
534,2014-09-17,4444.0
535,2014-09-18,4720.0
536,2014-09-19,4845.0
537,2014-09-20,4760.0
538,2014-09-21,4685.0
539,2014-09-22,4525.0
540,2014-09-23,4760.0
541,2014-09-24,4539.0
542,2014-09-25,4577.0
543,2014-09-26,4482.0
544,2014-09-27,4493.0
545,2014-09-28,4353.0
546,2014-09-29,4361.0
547,2014-09-30,4465.0
548,2014-10-01,4518.0
549,2014-10-02,4448.0
550,2014-10-03,4117.0
551,2014-10-04,4025.0
552,2014-10-05,4317.0
553,2014-10-06,4260.0
554,2014-10-07,4449.0
555,2014-10-08,4536.0
556,2014-10-09,4321.0
557,2014-10-10,4164.0
558,2014-10-11,4045.0
559,2014-10-12,3840.0
560,2014-10-13,3526.0
561,2014-10-14,3865.0
562,2014-10-15,3722.0
563,2014-10-16,3742.0
564,2014-10-17,3591.0
565,2014-10-18,3624.0
566,2014-10-19,3360.0
567,2014-10-20,3138.0
568,2014-10-21,3606.0
569,2014-10-22,3687.0
570,2014-10-23,3557.0
571,2014-10-24,3235.0
572,2014-10-25,3134.0
573,2014-10-26,3221.0
574,2014-10-27,3122.0
575,2014-10-28,3479.0
576,2014-10-29,3500.0
577,2014-10-30,3276.0
578,2014-10-31,3485.0
579,2014-11-01,3461.0
580,2014-11-02,3091.0
581,2014-11-03,2981.0
582,2014-11-04,3209.0
583,2014-11-05,3159.0
584,2014-11-06,3255.0
585,2014-11-07,3146.0
586,2014-11-08,3452.0
587,2014-11-09,3194.0
588,2014-11-10,3184.0
589,2014-11-11,3243.0
590,2014-11-12,3204.0
591,2014-11-13,3185.0
592,2014-11-14,3113.0
593,2014-11-15,3052.0
594,2014-11-16,2934.0
595,2014-11-17,2920.0
596,2014-11-18,3080.0
597,2014-11-19,3106.0
598,2014-11-20,3132.0
599,2014-11-21,3181.0
600,2014-11-22,3157.0
601,2014-11-23,3019.0
602,2014-11-24,3027.0
603,2014-11-25,3122.0
604,2014-11-26,3061.0
605,2014-11-27,3156.0
606,2014-11-28,3183.0
607,2014-11-29,3228.0
608,2014-11-30,3093.0
609,2014-12-01,3079.0
610,2014-12-02,3020.0
611,2014-12-03,2952.0
612,2014-12-04,3290.0
613,2014-12-05,3042.0
614,2014-12-06,3225.0
615,2014-12-07,3022.0
616,2014-12-08,2937.0
617,2014-12-09,3087.0
618,2014-12-10,3074.0
619,2014-12-11,3139.0
620,2014-12-12,3093.0
621,2014-12-13,3161.0
622,2014-12-14,3234.0
623,2014-12-15,3238.0
624,2014-12-16,3200.0
625,2014-12-17,3209.0
626,2014-12-18,3387.0
627,2014-12-19,3435.0
628,2014-12-20,3599.0
629,2014-12-21,3585.0
630,2014-12-22,3549.0
631,2014-12-23,3781.0
632,2014-12-24,3875.0
633,2014-12-25,3826.0
634,2014-12-26,3938.0
635,2014-12-27,4161.0
636,2014-12-28,4161.0
637,2014-12-29,4150.0
638,2014-12-30,4192.0
639,2014-12-31,3995.0
640,2015-01-01,4129.0
641,2015-01-02,4009.0
642,2015-01-03,3597.0
643,2015-01-04,3895.0
644,2015-01-05,3627.0
645,2015-01-06,3923.0
646,2015-01-07,3932.0
647,2015-01-08,4119.0
648,2015-01-09,4106.0
649,2015-01-10,4331.0
650,2015-01-11,3937.0
651,2015-01-12,3871.0
652,2015-01-13,4058.0
653,2015-01-14,4020.0
654,2015-01-15,4145.0
655,2015-01-16,4069.0
656,2015-01-17,4206.0
657,2015-01-18,3882.0
658,2015-01-19,3834.0
659,2015-01-20,3936.0
660,2015-01-21,3903.0
661,2015-01-22,3990.0
662,2015-01-23,3870.0
663,2015-01-24,4012.0
664,2015-01-25,3899.0
665,2015-01-26,3693.0
666,2015-01-27,3095.0
667,2015-01-28,3829.0
668,2015-01-29,3860.0
669,2015-01-30,3758.0
670,2015-01-31,4003.0
671,2015-02-01,3760.0
672,2015-02-02,3693.0
673,2015-02-03,3728.0
674,2015-02-04,3738.0
675,2015-02-05,3751.0
676,2015-02-06,3699.0
677,2015-02-07,3807.0
678,2015-02-08,3142.0
679,2015-02-09,3458.0
680,2015-02-10,3475.0
681,2015-02-11,3461.0
682,2015-02-12,3481.0
683,2015-02-13,3434.0
684,2015-02-14,3543.0
685,2015-02-15,3399.0
686,2015-02-16,3274.0
687,2015-02-17,3194.0
688,2015-02-18,3406.0
689,2015-02-19,3130.0
690,2015-02-20,3157.0
691,2015-02-21,3330.0
692,2015-02-22,3058.0
693,2015-02-23,3075.0
694,2015-02-24,3089.0
695,2015-02-25,3177.0
696,2015-02-26,3276.0
697,2015-02-27,3133.0
698,2015-02-28,3221.0
699,2015-03-01,3116.0
700,2015-03-02,2748.0
701,2015-03-03,3059.0
702,2015-03-04,3237.0
703,2015-03-05,3342.0
704,2015-03-06,3296.0
705,2015-03-07,2362.0
706,2015-03-08,2784.0
707,2015-03-09,2997.0
708,2015-03-10,3105.0
709,2015-03-11,3203.0
710,2015-03-12,3219.0
711,2015-03-13,3186.0
712,2015-03-14,3290.0
713,2015-03-15,3116.0
714,2015-03-16,3048.0
715,2015-03-17,3155.0
716,2015-03-18,3193.0
717,2015-03-19,3283.0
718,2015-03-20,3211.0
719,2015-03-21,3276.0
720,2015-03-22,3002.0
721,2015-03-23,2880.0
722,2015-03-24,3168.0
723,2015-03-25,3260.0
724,2015-03-26,3414.0
725,2015-03-27,3564.0
726,2015-03-28,3522.0
727,2015-03-29,3243.0
728,2015-03-30,2878.0
729,2015-03-31,3220.0
730,2015-04-01,3303.0
731,2015-04-02,3375.0
732,2015-04-03,3360.0
733,2015-04-04,3325.0
734,2015-04-05,3053.0
735,2015-04-06,2917.0
736,2015-04-07,3270.0
737,2015-04-08,3243.0
738,2015-04-09,3324.0
739,2015-04-10,3402.0
740,2015-04-11,3483.0
741,2015-04-12,3429.0
742,2015-04-13,3062.0
743,2015-04-14,3332.0
744,2015-04-15,3385.0
745,2015-04-16,3519.0
746,2015-04-17,3579.0
747,2015-04-18,3595.0
748,2015-04-19,3541.0
749,2015-04-20,3529.0
750,2015-04-21,3931.0
751,2015-04-22,4037.0
752,2015-04-23,4055.0
753,2015-04-24,4126.0
754,2015-04-25,4355.0
755,2015-04-26,3900.0
756,2015-04-27,3676.0
757,2015-04-28,4112.0
758,2015-04-29,4232.0
759,2015-04-30,4281.0
760,2015-05-01,4442.0
761,2015-05-02,4302.0
762,2015-05-03,4302.0
763,2015-05-04,3955.0
764,2015-05-05,4187.0
765,2015-05-06,4539.0
766,2015-05-07,4683.0
767,2015-05-08,4928.0
768,2015-05-09,5059.0
769,2015-05-10,4730.0
770,2015-05-11,4813.0
771,2015-05-12,4929.0
772,2015-05-13,5125.0
773,2015-05-14,4948.0
774,2015-05-15,4417.0
775,2015-05-16,4311.0
776,2015-05-17,4322.0
777,2015-05-18,4503.0
778,2015-05-19,5005.0
779,2015-05-20,4942.0
780,2015-05-21,4763.0
781,2015-05-22,4946.0
782,2015-05-23,5007.0
783,2015-05-24,4964.0
784,2015-05-25,5011.0
785,2015-05-26,5212.0
786,2015-05-27,5362.0
787,2015-05-28,5176.0
788,2015-05-29,5274.0
789,2015-05-30,5320.0
790,2015-05-31,5171.0
791,2015-06-01,5112.0
792,2015-06-02,4829.0
793,2015-06-03,4688.0
794,2015-06-04,4189.0
795,2015-06-05,4495.0
796,2015-06-06,4693.0
797,2015-06-07,4717.0
798,2015-06-08,4995.0
799,2015-06-09,5303.0
800,2015-06-10,5362.0
801,2015-06-11,5710.0
802,2015-06-12,5624.0
803,2015-06-13,5494.0
804,2015-06-14,5373.0
805,2015-06-15,4447.0
806,2015-06-16,4380.0
807,2015-06-17,4846.0
808,2015-06-18,5049.0
809,2015-06-19,5311.0
810,2015-06-20,5685.0
811,2015-06-21,5639.0
812,2015-06-22,5145.0
813,2015-06-23,5139.0
814,2015-06-24,5419.0
815,2015-06-25,5122.0
816,2015-06-26,4292.0
817,2015-06-27,4775.0
818,2015-06-28,4832.0
819,2015-06-29,5250.0
820,2015-06-30,5230.0
821,2015-07-01,5041.0
822,2015-07-02,5228.0
823,2015-07-03,5417.0
824,2015-07-04,5417.0
825,2015-07-05,5452.0
826,2015-07-06,5580.0
827,2015-07-07,5420.0
828,2015-07-08,4869.0
829,2015-07-09,5142.0
830,2015-07-10,4886.0
831,2015-07-11,4675.0
832,2015-07-12,3864.0
833,2015-07-13,3864.0
834,2015-07-14,3864.0
835,2015-07-15,4782.0
836,2015-07-16,5163.0
837,2015-07-17,5361.0
838,2015-07-18,5045.0
839,2015-07-19,4889.0
840,2015-07-20,4558.0
841,2015-07-21,4639.0
842,2015-07-22,4979.0
843,2015-07-23,5079.0
844,2015-07-24,5194.0
845,2015-07-25,5229.0
846,2015-07-26,5042.0
847,2015-07-27,4864.0
848,2015-07-28,4799.0
849,2015-07-29,4487.0
850,2015-07-30,4422.0
851,2015-07-31,4422.0
852,2015-08-01,4362.0
853,2015-08-02,4708.0
854,2015-08-03,4400.0
855,2015-08-04,4922.0
856,2015-08-05,4990.0
857,2015-08-06,4933.0
858,2015-08-07,4845.0
859,2015-08-08,4896.0
860,2015-08-09,4379.0
861,2015-08-10,4231.0
862,2015-08-11,4603.0
863,2015-08-12,4646.0
864,2015-08-13,4646.0
865,2015-08-14,5009.0
866,2015-08-15,4862.0
867,2015-08-16,4673.0
868,2015-08-17,4169.0
869,2015-08-18,4730.0
870,2015-08-19,4883.0
871,2015-08-20,4850.0
872,2015-08-21,4783.0
873,2015-08-22,4928.0
874,2015-08-23,4552.0
875,2015-08-24,4476.0
876,2015-08-25,4969.0
877,2015-08-26,5161.0
878,2015-08-27,5228.0
879,2015-08-28,5313.0
880,2015-08-29,5245.0
881,2015-08-30,5095.0
882,2015-08-31,4986.0
883,2015-09-01,5278.0
884,2015-09-02,5249.0
885,2015-09-03,5111.0
886,2015-09-04,5079.0
887,2015-09-05,4924.0
888,2015-09-06,4887.0
889,2015-09-07,4862.0
890,2015-09-08,4994.0
891,2015-09-09,5065.0
892,2015-09-10,5059.0
893,2015-09-11,4987.0
894,2015-09-12,5078.0
895,2015-09-13,4982.0
896,2015-09-14,5073.0
897,2015-09-15,5272.0
898,2015-09-16,5428.0
899,2015-09-17,5275.0
900,2015-09-18,5207.0
901,2015-09-19,5177.0
902,2015-09-20,4943.0
903,2015-09-21,4833.0
904,2015-09-22,4930.0
905,2015-09-23,4858.0
906,2015-09-24,4540.0
907,2015-09-25,4345.0
908,2015-09-26,4060.0
909,2015-09-27,4182.0
910,2015-09-28,4216.0
911,2015-09-29,4366.0
912,2015-09-30,4252.0
913,2015-10-01,4087.0
914,2015-10-02,4225.0
915,2015-10-03,3884.0
916,2015-10-04,4047.0
917,2015-10-05,3945.0
918,2015-10-06,4251.0
919,2015-10-07,4287.0
920,2015-10-08,4431.0
921,2015-10-09,4301.0
922,2015-10-10,4439.0
923,2015-10-11,4069.0
924,2015-10-12,4046.0
925,2015-10-13,4295.0
926,2015-10-14,4303.0
927,2015-10-15,4300.0
928,2015-10-16,4225.0
929,2015-10-17,4170.0
930,2015-10-18,3973.0
931,2015-10-19,3762.0
932,2015-10-20,4062.0
933,2015-10-21,4100.0
934,2015-10-22,4011.0
935,2015-10-23,3226.0
936,2015-10-24,3755.0
937,2015-10-25,3426.0
938,2015-10-26,3354.0
939,2015-10-27,3646.0
940,2015-10-28,3596.0
941,2015-10-29,3270.0
942,2015-10-30,3331.0
943,2015-10-31,3361.0
944,2015-11-01,3245.0
945,2015-11-02,3052.0
946,2015-11-03,3384.0
947,2015-11-04,3437.0
948,2015-11-05,3440.0
949,2015-11-06,3429.0
950,2015-11-07,3463.0
951,2015-11-08,3214.0
952,2015-11-09,3026.0
953,2015-11-10,3280.0
954,2015-11-11,3216.0
955,2015-11-12,2848.0
956,2015-11-13,2574.0
957,2015-11-14,2922.0
958,2015-11-15,3054.0
959,2015-11-16,2886.0
960,2015-11-17,3158.0
961,2015-11-18,3048.0
962,2015-11-19,3160.0
963,2015-11-20,3215.0
964,2015-11-21,3302.0
965,2015-11-22,3011.0
966,2015-11-23,3000.0
967,2015-11-24,3117.0
968,2015-11-25,3117.0
969,2015-11-26,3061.0
970,2015-11-27,3176.0
971,2015-11-28,3140.0
972,2015-11-29,2993.0
973,2015-11-30,3034.0
974,2015-12-01,3169.0
975,2015-12-02,3149.0
976,2015-12-03,3148.0
977,2015-12-04,3136.0
978,2015-12-05,3304.0
979,2015-12-06,3048.0
980,2015-12-07,3137.0
981,2015-12-08,3183.0
982,2015-12-09,3154.0
983,2015-12-10,3257.0
984,2015-12-11,3205.0
985,2015-12-12,3349.0
986,2015-12-13,3234.0
987,2015-12-14,3264.0
988,2015-12-15,3349.0
989,2015-12-16,3394.0
990,2015-12-17,3440.0
991,2015-12-18,3470.0
992,2015-12-19,3650.0
993,2015-12-20,3451.0
994,2015-12-21,3520.0
995,2015-12-22,3610.0
996,2015-12-23,3654.0
997,2015-12-24,3765.0
998,2015-12-25,3756.0
999,2015-12-26,3872.0
1000,2015-12-27,3559.0
1001,2015-12-28,3573.0
1002,2015-12-29,3695.0
1003,2015-12-30,3640.0
1004,2015-12-31,3592.0
1005,2016-01-01,3592.0
1006,2016-01-02,3592.0
1007,2016-01-03,3592.0
1008,2016-01-04,3592.0
1009,2016-01-05,3592.0
1010,2016-01-06,3592.0
1011,2016-01-07,3592.0
1012,2016-01-08,3592.0
1013,2016-01-09,3592.0
1014,2016-01-10,3592.0
1015,2016-01-11,3592.0
1016,2016-01-12,3592.0
1017,2016-01-13,3592.0
1018,2016-01-14,3592.0
1019,2016-01-15,3592.0
1020,2016-01-16,3592.0
1021,2016-01-17,3592.0
1022,2016-01-18,3592.0
1023,2016-01-19,3592.0
1024,2016-01-20,3592.0
1025,2016-01-21,3592.0
1026,2016-01-22,3592.0
1027,2016-01-23,3592.0
1028,2016-01-24,3592.0
1029,2016-01-25,3592.0
1030,2016-01-26,3592.0
1031,2016-01-27,3592.0
1032,2016-01-28,3592.0
1033,2016-01-29,3592.0
1034,2016-01-30,3592.0
1035,2016-01-31,3592.0
1036,2016-02-01,3555.0
1037,2016-02-02,3555.0
1038,2016-02-03,3556.0
1039,2016-02-04,3657.0
1040,2016-02-05,3662.0
1041,2016-02-06,3740.0
1042,2016-02-07,3462.0
1043,2016-02-08,3492.0
1044,2016-02-09,3606.0
1045,2016-02-10,3608.0
1046,2016-02-11,3637.0
1047,2016-02-12,3496.0
1048,2016-02-13,3635.0
1049,2016-02-14,3464.0
1050,2016-02-15,3421.0
1051,2016-02-16,3486.0
1052,2016-02-17,3398.0
1053,2016-02-18,3521.0
1054,2016-02-19,3310.0
1055,2016-02-20,3507.0
1056,2016-02-21,3086.0
1057,2016-02-22,3073.0
1058,2016-02-23,3153.0
1059,2016-02-24,3153.0
1060,2016-02-25,3197.0
1061,2016-02-26,3217.0
1062,2016-02-27,3395.0
1063,2016-02-28,3109.0
1064,2016-02-29,3018.0
1065,2016-03-01,3139.0
1066,2016-03-02,3753.0
1067,2016-03-03,3211.0
1068,2016-03-04,3217.0
1069,2016-03-05,3353.0
1070,2016-03-06,3114.0
1071,2016-03-07,2855.0
1072,2016-03-08,2855.0
1073,2016-03-09,3159.0
1074,2016-03-10,3339.0
1075,2016-03-11,3270.0
1076,2016-03-12,3373.0
1077,2016-03-13,3120.0
1078,2016-03-14,2972.0
1079,2016-03-15,3122.0
1080,2016-03-16,3226.0
1081,2016-03-17,3228.0
1082,2016-03-18,3122.0
1083,2016-03-19,3372.0
1084,2016-03-20,3236.0
1085,2016-03-21,3007.0
1086,2016-03-22,3246.0
1087,2016-03-23,3188.0
1088,2016-03-24,3188.0
1089,2016-03-25,2388.0
1090,2016-03-26,2388.0
1091,2016-03-27,3028.0
1092,2016-03-28,2946.0
1093,2016-03-29,3265.0
1094,2016-03-30,3319.0
1095,2016-03-31,3454.0
1096,2016-04-01,3583.0
1097,2016-04-02,3696.0
1098,2016-04-03,3537.0
1099,2016-04-04,3587.0
1100,2016-04-05,3976.0
1101,2016-04-06,3965.0
1102,2016-04-07,3933.0
1103,2016-04-08,3910.0
1104,2016-04-09,3844.0
1105,2016-04-10,3573.0
1106,2016-04-11,3462.0
1107,2016-04-12,3737.0
1108,2016-04-13,3737.0
1109,2016-04-14,3861.0
1110,2016-04-15,3835.0
1111,2016-04-16,3998.0
1112,2016-04-17,4198.0
1113,2016-04-18,4287.0
1114,2016-04-19,4656.0
1115,2016-04-20,4752.0
1116,2016-04-21,4430.0
1117,2016-04-22,4653.0
1118,2016-04-23,4653.0
1119,2016-04-24,4204.0
1120,2016-04-25,4030.0
1121,2016-04-26,4271.0
1122,2016-04-27,4400.0
1123,2016-04-28,4389.0
1124,2016-04-29,4585.0
1125,2016-04-30,4668.0
1126,2016-05-01,4449.0
1127,2016-05-02,4524.0
1128,2016-05-03,4955.0
1129,2016-05-04,5137.0
1130,2016-05-05,4925.0
1131,2016-05-06,4672.0
1132,2016-05-07,4605.0
1133,2016-05-08,4589.0
1134,2016-05-09,4744.0
1135,2016-05-10,4893.0
1136,2016-05-11,5047.0
1137,2016-05-12,5044.0
1138,2016-05-13,5249.0
1139,2016-05-14,5339.0
1140,2016-05-15,5226.0
1141,2016-05-16,5258.0
1142,2016-05-17,5376.0
1143,2016-05-18,5562.0
1144,2016-05-19,5586.0
1145,2016-05-20,5986.0
1146,2016-05-21,6119.0
1147,2016-05-22,5771.0
1148,2016-05-23,5583.0
1149,2016-05-24,5569.0
1150,2016-05-25,5001.0
1151,2016-05-26,5203.0
1152,2016-05-27,5330.0
1153,2016-05-28,5425.0
1154,2016-05-29,5500.0
1155,2016-05-30,4594.0
1156,2016-05-31,4192.0
1157,2016-06-01,4903.0
1158,2016-06-02,5209.0
1159,2016-06-03,5554.0
1160,2016-06-04,5759.0
1161,2016-06-05,5659.0
1162,2016-06-06,5651.0
1163,2016-06-07,5925.0
1164,2016-06-08,5659.0
1165,2016-06-09,5829.0
1166,2016-06-10,5666.0
1167,2016-06-11,5989.0
1168,2016-06-12,5172.0
1169,2016-06-13,4883.0
1170,2016-06-14,5800.0
1171,2016-06-15,5477.0
1172,2016-06-16,5733.0
1173,2016-06-17,5470.0
1174,2016-06-18,5764.0
1175,2016-06-19,5622.0
1176,2016-06-20,5583.0
1177,2016-06-21,5499.0
1178,2016-06-22,5555.0
1179,2016-06-23,5535.0
1180,2016-06-24,5392.0
1181,2016-06-25,5905.0
1182,2016-06-26,5905.0
1183,2016-06-27,5688.0
1184,2016-06-28,5917.0
1185,2016-06-29,5917.0
1186,2016-06-30,5959.0
1187,2016-07-01,6156.0
1188,2016-07-02,6208.0
1189,2016-07-03,5397.0
1190,2016-07-04,4608.0
1191,2016-07-05,5135.0
1192,2016-07-06,5665.0
1193,2016-07-07,5616.0
1194,2016-07-08,5685.0
1195,2016-07-09,5508.0
1196,2016-07-10,5193.0
1197,2016-07-11,5192.0
1198,2016-07-12,5372.0
1199,2016-07-13,5230.0
1200,2016-07-14,5327.0
1201,2016-07-15,5414.0
1202,2016-07-16,5159.0
1203,2016-07-17,4910.0
1204,2016-07-18,4065.0
1205,2016-07-19,4813.0
1206,2016-07-20,5319.0
1207,2016-07-21,5575.0
1208,2016-07-22,5792.0
1209,2016-07-23,5816.0
1210,2016-07-24,5606.0
1211,2016-07-25,5239.0
1212,2016-07-26,5551.0
1213,2016-07-27,5551.0
1214,2016-07-28,4723.0
1215,2016-07-29,4822.0
1216,2016-07-30,4561.0
1217,2016-07-31,4219.0
1218,2016-08-01,4182.0
1219,2016-08-02,4526.0
1220,2016-08-03,4526.0
1221,2016-08-04,5104.0
1222,2016-08-05,5420.0
1223,2016-08-06,5638.0
1224,2016-08-07,5375.0
1225,2016-08-08,5308.0
1226,2016-08-09,5474.0
1227,2016-08-10,5326.0
1228,2016-08-11,5248.0
1229,2016-08-12,4859.0
1230,2016-08-13,4692.0
1231,2016-08-14,4532.0
1232,2016-08-15,4419.0
1233,2016-08-16,4779.0
1234,2016-08-17,5253.0
1235,2016-08-18,4935.0
1236,2016-08-19,4631.0
1237,2016-08-20,5182.0
1238,2016-08-21,5032.0
1239,2016-08-22,4987.0
1240,2016-08-23,5216.0
1241,2016-08-24,5239.0
1242,2016-08-25,5037.0
1243,2016-08-26,4686.0
1244,2016-08-27,5111.0
1245,2016-08-28,5021.0
1246,2016-08-29,5176.0
1247,2016-08-30,5176.0
1248,2016-08-31,4722.0
1249,2016-09-01,4314.0
1250,2016-09-02,4323.0
1251,2016-09-03,4601.0
1252,2016-09-04,4508.0
1253,2016-09-05,4615.0
1254,2016-09-06,4798.0
1255,2016-09-07,4832.0
1256,2016-09-08,4867.0
1257,2016-09-09,4962.0
1258,2016-09-10,5021.0
1259,2016-09-11,4851.0
1260,2016-09-12,4828.0
1261,2016-09-13,4937.0
1262,2016-09-14,5006.0
1263,2016-09-15,5029.0
1264,2016-09-16,4996.0
1265,2016-09-17,5059.0
1266,2016-09-18,4932.0
1267,2016-09-19,4926.0
1268,2016-09-20,5077.0
1269,2016-09-21,5244.0
1270,2016-09-22,5400.0
1271,2016-09-23,4977.0
1272,2016-09-24,4903.0
1273,2016-09-25,4713.0
1274,2016-09-26,4716.0
1275,2016-09-27,4952.0
1276,2016-09-28,5065.0
1277,2016-09-29,5081.0
1278,2016-09-30,5212.0
1279,2016-10-01,5237.0
1280,2016-10-02,5104.0
1281,2016-10-03,5040.0
1282,2016-10-04,5321.0
1283,2016-10-05,5221.0
1284,2016-10-06,4653.0
1285,2016-10-07,4737.0
1286,2016-10-08,4698.0
1287,2016-10-09,4472.0
1288,2016-10-10,4264.0
1289,2016-10-11,4274.0
1290,2016-10-12,4091.0
1291,2016-10-13,3938.0
1292,2016-10-14,4145.0
1293,2016-10-15,4081.0
1294,2016-10-16,3830.0
1295,2016-10-17,3583.0
1296,2016-10-18,3864.0
1297,2016-10-19,3870.0
1298,2016-10-20,3755.0
1299,2016-10-21,3973.0
1300,2016-10-22,3966.0
1301,2016-10-23,3776.0
1302,2016-10-24,3776.0
1303,2016-10-25,3867.0
1304,2016-10-26,3879.0
1305,2016-10-27,3897.0
1306,2016-10-28,3821.0
1307,2016-10-29,3645.0
1308,2016-10-30,3298.0
1309,2016-10-31,2828.0
1310,2016-11-01,2813.0
1311,2016-11-02,3054.0
1312,2016-11-03,3418.0
1313,2016-11-04,3418.0
1314,2016-11-05,3382.0
1315,2016-11-06,3160.0
1316,2016-11-07,3058.0
1317,2016-11-08,3197.0
1318,2016-11-09,3272.0
1319,2016-11-10,3255.0
1320,2016-11-11,3161.0
1321,2016-11-12,3011.0
1322,2016-11-13,2795.0
1323,2016-11-14,2707.0
1324,2016-11-15,2874.0
1325,2016-11-16,2907.0
1326,2016-11-17,2930.0
1327,2016-11-18,2962.0
1328,2016-11-19,3055.0
1329,2016-11-20,2837.0
1330,2016-11-21,2925.0
1331,2016-11-22,2958.0
1332,2016-11-23,2975.0
1333,2016-11-24,3035.0
1334,2016-11-25,3036.0
1335,2016-11-26,3100.0
1336,2016-11-27,2928.0
1337,2016-11-28,2991.0
1338,2016-11-29,2982.0
1339,2016-11-30,2987.0
1340,2016-12-01,2913.0
1341,2016-12-02,3036.0
1342,2016-12-03,3175.0
1343,2016-12-04,3022.0
1344,2016-12-05,3052.0
1345,2016-12-06,2995.0
1346,2016-12-07,3090.0
1347,2016-12-08,3230.0
1348,2016-12-09,3144.0
1349,2016-12-10,3296.0
1350,2016-12-11,3136.0
1351,2016-12-12,3157.0
1352,2016-12-13,3314.0
1353,2016-12-14,3237.0
1354,2016-12-15,3247.0
1355,2016-12-16,3179.0
1356,2016-12-17,3381.0
1357,2016-12-18,3222.0
1358,2016-12-19,3309.0
1359,2016-12-20,3309.0
1360,2016-12-21,3387.0
1361,2016-12-22,3471.0
1362,2016-12-23,3302.0
1363,2016-12-24,3531.0
1364,2016-12-25,3276.0
1365,2016-12-26,3361.0
1366,2016-12-27,3508.0
1367,2016-12-28,3505.0
1368,2016-12-29,3582.0
1369,2016-12-30,3506.0
1370,2016-12-31,3801.0
1371,2017-01-01,3502.0
1372,2017-01-02,3482.0
1373,2017-01-03,3514.0
1374,2017-01-04,3604.0
1375,2017-01-05,3593.0
1376,2017-01-06,3493.0
1377,2017-01-07,3660.0
1378,2017-01-08,3333.0
1379,2017-01-09,3479.0
1380,2017-01-10,3678.0
1381,2017-01-11,3777.0
1382,2017-01-12,3777.0
1383,2017-01-13,3317.0
1384,2017-01-14,3998.0
1385,2017-01-15,3983.0
1386,2017-01-16,3677.0
1387,2017-01-17,3709.0
1388,2017-01-18,3976.0
1389,2017-01-19,3973.0
1390,2017-01-20,3973.0
1391,2017-01-21,3973.0
1392,2017-01-22,3862.0
1393,2017-01-23,3895.0
1394,2017-01-24,3777.0
1395,2017-01-25,3711.0
1396,2017-01-26,3709.0
1397,2017-01-27,3043.0
1398,2017-01-28,3690.0
1399,2017-01-29,3688.0
1400,2017-01-30,3761.0
1401,2017-01-31,3761.0
1402,2017-02-01,3712.0
1403,2017-02-02,3784.0
1404,2017-02-03,3568.0
1405,2017-02-04,3774.0
1406,2017-02-05,3525.0
1407,2017-02-06,3555.0
1408,2017-02-07,3572.0
1409,2017-02-08,3575.0
1410,2017-02-09,3627.0
1411,2017-02-10,3540.0
1412,2017-02-11,3781.0
1413,2017-02-12,3578.0
1414,2017-02-13,3480.0
1415,2017-02-14,3519.0
1416,2017-02-15,3530.0
1417,2017-02-16,3614.0
1418,2017-02-17,3441.0
1419,2017-02-18,3604.0
1420,2017-02-19,3387.0
1421,2017-02-20,3347.0
1422,2017-02-21,3303.0
1423,2017-02-22,3309.0
1424,2017-02-23,3392.0
1425,2017-02-24,3335.0
1426,2017-02-25,3586.0
1427,2017-02-26,3202.0
1428,2017-02-27,3003.0
1429,2017-02-28,3325.0
1430,2017-03-01,3314.0
1431,2017-03-02,3326.0
1432,2017-03-03,3336.0
1433,2017-03-04,3388.0
1434,2017-03-05,3222.0
1435,2017-03-06,3121.0
1436,2017-03-07,3271.0
1437,2017-03-08,3344.0
1438,2017-03-09,3375.0
1439,2017-03-10,3350.0
1440,2017-03-11,3417.0
1441,2017-03-12,3277.0
1442,2017-03-13,3011.0
1443,2017-03-14,2339.0
1444,2017-03-15,3015.0
1445,2017-03-16,3309.0
1446,2017-03-17,3309.0
1447,2017-03-18,3413.0
1448,2017-03-19,3173.0
1449,2017-03-20,3084.0
1450,2017-03-21,3236.0
1451,2017-03-22,3283.0
1452,2017-03-23,3409.0
1453,2017-03-24,3607.0
1454,2017-03-25,3601.0
1455,2017-03-26,3331.0
1456,2017-03-27,3158.0
1457,2017-03-28,3666.0
1458,2017-03-29,3736.0
1459,2017-03-30,3930.0
1460,2017-03-31,4033.0
1461,2017-04-01,4051.0
1462,2017-04-02,3892.0
1463,2017-04-03,3716.0
1464,2017-04-04,4187.0
1465,2017-04-05,3941.0
1466,2017-04-06,3923.0
1467,2017-04-07,4132.0
1468,2017-04-08,3964.0
1469,2017-04-09,3519.0
1470,2017-04-10,3266.0
1471,2017-04-11,3618.0
1472,2017-04-12,3870.0
1473,2017-04-13,4100.0
1474,2017-04-14,4231.0
1475,2017-04-15,4153.0
1476,2017-04-16,4246.0
1477,2017-04-17,4391.0
1478,2017-04-18,4845.0
1479,2017-04-19,4980.0
1480,2017-04-20,5098.0
1481,2017-04-21,5447.0
1482,2017-04-22,5637.0
1483,2017-04-23,5453.0
1484,2017-04-24,5019.0
1485,2017-04-25,5031.0
1486,2017-04-26,4961.0
1487,2017-04-27,4854.0
1488,2017-04-28,4851.0
1489,2017-04-29,4858.0
1490,2017-04-30,4553.0
1491,2017-05-01,4431.0
1492,2017-05-02,4675.0
1493,2017-05-03,4873.0
1494,2017-05-04,4839.0
1495,2017-05-05,4916.0
1496,2017-05-06,5131.0
1497,2017-05-07,5157.0
1498,2017-05-08,5369.0
1499,2017-05-09,5683.0
1500,2017-05-10,5692.0
1501,2017-05-11,5620.0
1502,2017-05-12,5668.0
1503,2017-05-13,5722.0
1504,2017-05-14,5607.0
1505,2017-05-15,5657.0
1506,2017-05-16,5912.0
1507,2017-05-17,5957.0
1508,2017-05-18,5756.0
1509,2017-05-19,5769.0
1510,2017-05-20,5733.0
1511,2017-05-21,5383.0
1512,2017-05-22,5076.0
1513,2017-05-23,4498.0
1514,2017-05-24,5026.0
1515,2017-05-25,5554.0
1516,2017-05-26,5762.0
1517,2017-05-27,5902.0
1518,2017-05-28,5689.0
1519,2017-05-29,5514.0
1520,2017-05-30,5254.0
1521,2017-05-31,5256.0
1522,2017-06-01,5204.0
1523,2017-06-02,5231.0
1524,2017-06-03,5438.0
1525,2017-06-04,5522.0
1526,2017-06-05,5688.0
1527,2017-06-06,6319.0
1528,2017-06-07,6441.0
1529,2017-06-08,5974.0
1530,2017-06-09,5607.0
1531,2017-06-10,5456.0
1532,2017-06-11,5395.0
1533,2017-06-12,5214.0
1534,2017-06-13,5540.0
1535,2017-06-14,5819.0
1536,2017-06-15,5927.0
1537,2017-06-16,5917.0
1538,2017-06-17,5879.0
1539,2017-06-18,5005.0
1540,2017-06-19,5426.0
1541,2017-06-20,5376.0
1542,2017-06-21,4644.0
1543,2017-06-22,4613.0
1544,2017-06-23,4829.0
1545,2017-06-24,5162.0
1546,2017-06-25,5480.0
1547,2017-06-26,5574.0
1548,2017-06-27,5929.0
1549,2017-06-28,6180.0
1550,2017-06-29,5900.0
1551,2017-06-30,4724.0
1552,2017-07-01,4638.0
1553,2017-07-02,4831.0
1554,2017-07-03,4494.0
1555,2017-07-04,5419.0
1556,2017-07-05,5772.0
1557,2017-07-06,5580.0
1558,2017-07-07,5493.0
1559,2017-07-08,5493.0
1560,2017-07-09,5676.0
1561,2017-07-10,5796.0
1562,2017-07-11,6110.0
1563,2017-07-12,5865.0
1564,2017-07-13,5220.0
1565,2017-07-14,5420.0
1566,2017-07-15,5677.0
1567,2017-07-16,5571.0
1568,2017-07-17,5622.0
1569,2017-07-18,5468.0
1570,2017-07-19,5822.0
1571,2017-07-20,6020.0
1572,2017-07-21,5733.0
1573,2017-07-22,5696.0
1574,2017-07-23,5488.0
1575,2017-07-24,4933.0
1576,2017-07-25,5012.0
1577,2017-07-26,4993.0
1578,2017-07-27,5429.0
1579,2017-07-28,5484.0
1580,2017-07-29,5443.0
1581,2017-07-30,5152.0
1582,2017-07-31,5281.0
1583,2017-08-01,5144.0
1584,2017-08-02,4900.0
1585,2017-08-03,4999.0
1586,2017-08-04,5311.0
1587,2017-08-05,5389.0
1588,2017-08-06,5338.0
1589,2017-08-07,5406.0
1590,2017-08-08,5289.0
1591,2017-08-09,5453.0
1592,2017-08-10,5298.0
1593,2017-08-11,5548.0
1594,2017-08-12,5556.0
1595,2017-08-13,5235.0
1596,2017-08-14,5239.0
1597,2017-08-15,5387.0
1598,2017-08-16,5291.0
1599,2017-08-17,5810.0
1600,2017-08-18,5993.0
1601,2017-08-19,6087.0
1602,2017-08-20,5923.0
1603,2017-08-21,5549.0
1604,2017-08-22,5802.0
1605,2017-08-23,5578.0
1606,2017-08-24,5391.0
1607,2017-08-25,5441.0
1608,2017-08-26,5401.0
1609,2017-08-27,4940.0
1610,2017-08-28,5105.0
1611,2017-08-29,5009.0
1612,2017-08-30,5258.0
1613,2017-08-31,5217.0
1614,2017-09-01,4923.0
1615,2017-09-02,4719.0
1616,2017-09-03,4264.0
1617,2017-09-04,4617.0
1618,2017-09-05,5091.0
1619,2017-09-06,5079.0
1620,2017-09-07,5206.0
1621,2017-09-08,4961.0
1622,2017-09-09,5040.0
1623,2017-09-10,5080.0
1624,2017-09-11,5363.0
1625,2017-09-12,5378.0
1626,2017-09-13,5474.0
1627,2017-09-14,5583.0
1628,2017-09-15,5637.0
1629,2017-09-16,5453.0
1630,2017-09-17,5366.0
1631,2017-09-18,4897.0
1632,2017-09-19,5553.0
1633,2017-09-20,5124.0
1634,2017-09-21,5206.0
1635,2017-09-22,5258.0
1636,2017-09-23,5015.0
1637,2017-09-24,3899.0
1638,2017-09-25,3872.0
1639,2017-09-26,4447.0
1640,2017-09-27,4580.0
1641,2017-09-28,4690.0
1642,2017-09-29,4690.0
1643,2017-09-30,4785.0
1644,2017-10-01,4491.0
1645,2017-10-02,4086.0
1646,2017-10-03,4087.0
1647,2017-10-04,4586.0
1648,2017-10-05,4645.0
1649,2017-10-06,4611.0
1650,2017-10-07,4586.0
1651,2017-10-08,4354.0
1652,2017-10-09,4358.0
1653,2017-10-10,4493.0
1654,2017-10-11,4521.0
1655,2017-10-12,4512.0
1656,2017-10-13,4510.0
1657,2017-10-14,4441.0
1658,2017-10-15,4088.0
1659,2017-10-16,3863.0
1660,2017-10-17,4276.0
1661,2017-10-18,4132.0
1662,2017-10-19,4001.0
1663,2017-10-20,3504.0
1664,2017-10-21,3468.0
1665,2017-10-22,3472.0
1666,2017-10-23,3555.0
1667,2017-10-24,3823.0
1668,2017-10-25,3826.0
1669,2017-10-26,3763.0
1670,2017-10-27,3641.0
1671,2017-10-28,3721.0
1672,2017-10-29,4085.0
1673,2017-10-30,3279.0
1674,2017-10-31,3600.0
1675,2017-11-01,3602.0
1676,2017-11-02,3626.0
1677,2017-11-03,3681.0
1678,2017-11-04,3593.0
1679,2017-11-05,3313.0
1680,2017-11-06,3187.0
1681,2017-11-07,3466.0
1682,2017-11-08,3484.0
1683,2017-11-09,3649.0
1684,2017-11-10,3476.0
1685,2017-11-11,3516.0
1686,2017-11-12,3245.0
1687,2017-11-13,3133.0
1688,2017-11-14,3312.0
1689,2017-11-15,3331.0
1690,2017-11-16,3301.0
1691,2017-11-17,3326.0
1692,2017-11-18,3439.0
1693,2017-11-19,3186.0
1694,2017-11-20,3196.0
1695,2017-11-21,3272.0
1696,2017-11-22,3304.0
1697,2017-11-23,3269.0
1698,2017-11-24,3373.0
1699,2017-11-25,3541.0
1700,2017-11-26,3305.0
1701,2017-11-27,3362.0
1702,2017-11-28,3412.0
1703,2017-11-29,3269.0
1704,2017-11-30,3432.0
1705,2017-12-01,3394.0
1706,2017-12-02,3508.0
1707,2017-12-03,3369.0
1708,2017-12-04,3315.0
1709,2017-12-05,3353.0
1710,2017-12-06,3457.0
1711,2017-12-07,3618.0
1712,2017-12-08,3477.0
1713,2017-12-09,3565.0
1714,2017-12-10,3432.0
1715,2017-12-11,3169.0
1716,2017-12-12,3509.0
1717,2017-12-13,3503.0
1718,2017-12-14,3605.0
1719,2017-12-15,3673.0
1720,2017-12-16,3901.0
1721,2017-12-17,3706.0
1722,2017-12-18,3838.0
1723,2017-12-19,3778.0
1724,2017-12-20,3637.0
1725,2017-12-21,3861.0
1726,2017-12-22,3723.0
1727,2017-12-23,3940.0
1728,2017-12-24,3699.0
1729,2017-12-25,3651.0
1730,2017-12-26,3810.0
1731,2017-12-27,3791.0
1732,2017-12-28,3844.0
1733,2017-12-29,3716.0
1734,2017-12-30,3971.0
1735,2017-12-31,3634.0
1736,2018-01-01,3664.0
1737,2018-01-02,3954.0
1738,2018-01-03,3959.0
1739,2018-01-04,4217.0
1740,2018-01-05,4022.0
1741,2018-01-06,4022.0
1742,2018-01-07,4107.0
1743,2018-01-08,4017.0
1744,2018-01-09,4181.0
1745,2018-01-10,4124.0
1746,2018-01-11,4214.0
1747,2018-01-12,4117.0
1748,2018-01-13,4205.0
1749,2018-01-14,3926.0
1750,2018-01-15,3932.0
1751,2018-01-16,3970.0
1752,2018-01-17,3839.0
1753,2018-01-18,4003.0
1754,2018-01-19,3929.0
1755,2018-01-20,3959.0
1756,2018-01-21,3771.0
1757,2018-01-22,3854.0
1758,2018-01-23,3857.0
1759,2018-01-24,3736.0
1760,2018-01-25,4043.0
1761,2018-01-26,3981.0
1762,2018-01-27,3542.0
1763,2018-01-28,3887.0
1764,2018-01-29,3985.0
1765,2018-01-30,4030.0
1766,2018-01-31,3814.0
1767,2018-02-01,3968.0
1768,2018-02-02,3968.0
1769,2018-02-03,3707.0
1770,2018-02-04,3592.0
1771,2018-02-05,3682.0
1772,2018-02-06,3725.0
1773,2018-02-07,3743.0
1774,2018-02-08,3794.0
1775,2018-02-09,3707.0
1776,2018-02-10,3880.0
1777,2018-02-11,3708.0
1778,2018-02-12,3671.0
1779,2018-02-13,3695.0
1780,2018-02-14,3780.0
1781,2018-02-15,3924.0
1782,2018-02-16,3638.0
1783,2018-02-17,3809.0
1784,2018-02-18,3532.0
1785,2018-02-19,3554.0
1786,2018-02-20,3539.0
1787,2018-02-21,3533.0
1788,2018-02-22,3485.0
1789,2018-02-23,3430.0
1790,2018-02-24,3520.0
1791,2018-02-25,3337.0
1792,2018-02-26,3314.0
1793,2018-02-27,3369.0
1794,2018-02-28,3398.0
1795,2018-03-01,3498.0
1796,2018-03-02,3441.0
1797,2018-03-03,2347.0
1798,2018-03-04,2887.0
1799,2018-03-05,3043.0
1800,2018-03-06,3251.0
1801,2018-03-07,3256.0
1802,2018-03-08,3298.0
1803,2018-03-09,3330.0
1804,2018-03-10,3432.0
1805,2018-03-11,3234.0
1806,2018-03-12,3161.0
1807,2018-03-13,3388.0
1808,2018-03-14,3424.0
1809,2018-03-15,3558.0
1810,2018-03-16,3539.0
1811,2018-03-17,3560.0
1812,2018-03-18,3256.0
1813,2018-03-19,3112.0
1814,2018-03-20,3446.0
1815,2018-03-21,3506.0
1816,2018-03-22,3541.0
1817,2018-03-23,3523.0
1818,2018-03-24,3576.0
1819,2018-03-25,3295.0
1820,2018-03-26,3045.0
1821,2018-03-27,3572.0
1822,2018-03-28,3688.0
1823,2018-03-29,3654.0
1824,2018-03-30,3659.0
1825,2018-03-31,3675.0
1826,2018-04-01,3564.0
1827,2018-04-02,3369.0
1828,2018-04-03,3885.0
1829,2018-04-04,4024.0
1830,2018-04-05,4187.0
1831,2018-04-06,4339.0
1832,2018-04-07,4318.0
1833,2018-04-08,3593.0
1834,2018-04-09,3596.0
1835,2018-04-10,3727.0
1836,2018-04-11,3983.0
1837,2018-04-12,3888.0
1838,2018-04-13,3841.0
1839,2018-04-14,3833.0
1840,2018-04-15,3615.0
1841,2018-04-16,3806.0
1842,2018-04-17,4168.0
1843,2018-04-18,4380.0
1844,2018-04-19,4437.0
1845,2018-04-20,4628.0
1846,2018-04-21,4630.0
1847,2018-04-22,4195.0
1848,2018-04-23,3821.0
1849,2018-04-24,4147.0
1850,2018-04-25,4373.0
1851,2018-04-26,4596.0
1852,2018-04-27,4857.0
1853,2018-04-28,5094.0
1854,2018-04-29,4862.0
1855,2018-04-30,4796.0
1856,2018-05-01,5181.0
1857,2018-05-02,5090.0
1858,2018-05-03,5149.0
1859,2018-05-04,4552.0
1860,2018-05-05,4789.0
1861,2018-05-06,4747.0
1862,2018-05-07,4894.0
1863,2018-05-08,4968.0
1864,2018-05-09,4687.0
1865,2018-05-10,4730.0
1866,2018-05-11,4881.0
1867,2018-05-12,5272.0
1868,2018-05-13,5364.0
1869,2018-05-14,5338.0
1870,2018-05-15,4896.0
1871,2018-05-16,5289.0
1872,2018-05-17,5328.0
1873,2018-05-18,5342.0
1874,2018-05-19,5537.0
1875,2018-05-20,5448.0
1876,2018-05-21,5282.0
1877,2018-05-22,5532.0
1878,2018-05-23,5735.0
1879,2018-05-24,6029.0
1880,2018-05-25,5949.0
1881,2018-05-26,5912.0
1882,2018-05-27,5822.0
1883,2018-05-28,5835.0
1884,2018-05-29,6149.0
1885,2018-05-30,6254.0
1886,2018-05-31,6343.0
1887,2018-06-01,6346.0
1888,2018-06-02,6570.0
1889,2018-06-03,5686.0
1890,2018-06-04,5833.0
1891,2018-06-05,6325.0
1892,2018-06-06,6535.0
1893,2018-06-07,6372.0
1894,2018-06-08,6492.0
1895,2018-06-09,6913.0
1896,2018-06-10,6326.0
1897,2018-06-11,5884.0
1898,2018-06-12,6317.0
1899,2018-06-13,6623.0
1900,2018-06-14,6614.0
1901,2018-06-15,6540.0
1902,2018-06-16,6429.0
1903,2018-06-17,6254.0
1904,2018-06-18,6001.0
1905,2018-06-19,5694.0
1906,2018-06-20,5900.0
1907,2018-06-21,6204.0
1908,2018-06-22,6330.0
1909,2018-06-23,6619.0
1910,2018-06-24,6462.0
1911,2018-06-25,6275.0
1912,2018-06-26,6750.0
1913,2018-06-27,6512.0
1914,2018-06-28,6068.0
1915,2018-06-29,5559.0
1916,2018-06-30,5400.0
1917,2018-07-01,5621.0
1918,2018-07-02,5759.0
1919,2018-07-03,6128.0
1920,2018-07-04,5968.0
1921,2018-07-05,5955.0
1922,2018-07-06,6193.0
1923,2018-07-07,6094.0
1924,2018-07-08,6058.0
1925,2018-07-09,6373.0
1926,2018-07-10,6924.0
1927,2018-07-11,6893.0
1928,2018-07-12,6503.0
1929,2018-07-13,6573.0
1930,2018-07-14,6030.0
1931,2018-07-15,5234.0
1932,2018-07-16,5760.0
1933,2018-07-17,5663.0
1934,2018-07-18,6216.0
1935,2018-07-19,6270.0
1936,2018-07-20,6365.0
1937,2018-07-21,6034.0
1938,2018-07-22,5562.0
1939,2018-07-23,4996.0
1940,2018-07-24,5556.0
1941,2018-07-25,5990.0
1942,2018-07-26,5734.0
1943,2018-07-27,5307.0
1944,2018-07-28,4811.0
1945,2018-07-29,4424.0
1946,2018-07-30,5290.0
1947,2018-07-31,5597.0
1948,2018-08-01,5388.0
1949,2018-08-02,5742.0
1950,2018-08-03,5893.0
1951,2018-08-04,5637.0
1952,2018-08-05,5615.0
1953,2018-08-06,5555.0
1954,2018-08-07,5044.0
1955,2018-08-08,5081.0
1956,2018-08-09,5355.0
1957,2018-08-10,5822.0
1958,2018-08-11,5731.0
1959,2018-08-12,5755.0
1960,2018-08-13,5591.0
1961,2018-08-14,5629.0
1962,2018-08-15,5777.0
1963,2018-08-16,5665.0
1964,2018-08-17,5773.0
1965,2018-08-18,5890.0
1966,2018-08-19,5704.0
1967,2018-08-20,5357.0
1968,2018-08-21,5752.0
1969,2018-08-22,5852.0
1970,2018-08-23,5687.0
1971,2018-08-24,5687.0
1972,2018-08-25,5453.0
1973,2018-08-26,5253.0
1974,2018-08-27,5122.0
1975,2018-08-28,5378.0
1976,2018-08-29,5152.0
1977,2018-08-30,5049.0
1978,2018-08-31,5530.0
1979,2018-09-01,5556.0
1980,2018-09-02,5346.0
1981,2018-09-03,4577.0
1982,2018-09-04,4059.0
1983,2018-09-05,4507.0
1984,2018-09-06,4565.0
1985,2018-09-07,5052.0
1986,2018-09-08,4807.0
1987,2018-09-09,4314.0
1988,2018-09-10,4203.0
1989,2018-09-11,4669.0
1990,2018-09-12,5037.0
1991,2018-09-13,5064.0
1992,2018-09-14,5113.0
1993,2018-09-15,5010.0
1994,2018-09-16,4856.0
1995,2018-09-17,4823.0
1996,2018-09-18,5075.0
1997,2018-09-19,5075.0
1998,2018-09-20,5047.0
1999,2018-09-21,5143.0
2000,2018-09-22,4976.0
2001,2018-09-23,4253.0
2002,2018-09-24,3930.0
2003,2018-09-25,4188.0
2004,2018-09-26,3965.0
2005,2018-09-27,4151.0
2006,2018-09-28,4266.0
2007,2018-09-29,4398.0
2008,2018-09-30,4393.0
2009,2018-10-01,4121.0
2010,2018-10-02,4513.0
2011,2018-10-03,4164.0
2012,2018-10-04,4572.0
2013,2018-10-05,4612.0
2014,2018-10-06,4614.0
2015,2018-10-07,4188.0
2016,2018-10-08,3954.0
2017,2018-10-09,4321.0
2018,2018-10-10,4403.0
2019,2018-10-11,4559.0
2020,2018-10-12,4369.0
2021,2018-10-13,4049.0
2022,2018-10-14,3746.0
2023,2018-10-15,3450.0
2024,2018-10-16,3837.0
2025,2018-10-17,3966.0
2026,2018-10-18,3970.0
2027,2018-10-19,3986.0
2028,2018-10-20,3335.0
2029,2018-10-21,3651.0
2030,2018-10-22,3421.0
2031,2018-10-23,3652.0
2032,2018-10-24,3720.0
2033,2018-10-25,3761.0
2034,2018-10-26,3752.0
2035,2018-10-27,3676.0
2036,2018-10-28,3450.0
2037,2018-10-29,3301.0
2038,2018-10-30,3582.0
2039,2018-10-31,3664.0
2040,2018-11-01,3694.0
2041,2018-11-02,3660.0
2042,2018-11-03,3646.0
2043,2018-11-04,3450.0
2044,2018-11-05,3222.0
2045,2018-11-06,3389.0
2046,2018-11-07,3332.0
2047,2018-11-08,2698.0
2048,2018-11-09,2609.0
2049,2018-11-10,3111.0
2050,2018-11-11,3012.0
2051,2018-11-12,2932.0
2052,2018-11-13,3203.0
2053,2018-11-14,3308.0
2054,2018-11-15,3248.0
2055,2018-11-16,3292.0
2056,2018-11-17,3387.0
2057,2018-11-18,3185.0
2058,2018-11-19,3179.0
2059,2018-11-20,3254.0
2060,2018-11-21,3207.0
2061,2018-11-22,3460.0
2062,2018-11-23,3230.0
2063,2018-11-24,3460.0
2064,2018-11-25,3178.0
2065,2018-11-26,3302.0
2066,2018-11-27,3318.0
2067,2018-11-28,3302.0
2068,2018-11-29,3309.0
2069,2018-11-30,3394.0
2070,2018-12-01,3571.0
2071,2018-12-02,3290.0
2072,2018-12-03,3311.0
2073,2018-12-04,3350.0
2074,2018-12-05,3438.0
2075,2018-12-06,3437.0
2076,2018-12-07,3521.0
2077,2018-12-08,3594.0
2078,2018-12-09,3538.0
2079,2018-12-10,3509.0
2080,2018-12-11,3457.0
2081,2018-12-12,3567.0
2082,2018-12-13,3608.0
2083,2018-12-14,3607.0
2084,2018-12-15,3707.0
2085,2018-12-16,3637.0
2086,2018-12-17,3696.0
2087,2018-12-18,3718.0
2088,2018-12-19,3756.0
2089,2018-12-20,3696.0
2090,2018-12-21,3805.0
2091,2018-12-22,4031.0
2092,2018-12-23,3755.0
2093,2018-12-24,3901.0
2094,2018-12-25,3963.0
2095,2018-12-26,3927.0
2096,2018-12-27,3900.0
2097,2018-12-28,4057.0
2098,2018-12-29,4396.0
2099,2018-12-30,4170.0
2100,2018-12-31,4120.0
2101,2019-01-01,4292.0
2102,2019-01-02,4336.0
2103,2019-01-03,4183.0
2104,2019-01-04,4241.0
2105,2019-01-05,4413.0
2106,2019-01-06,4093.0
2107,2019-01-07,3922.0
2108,2019-01-08,4212.0
2109,2019-01-09,4167.0
2110,2019-01-10,4234.0
2111,2019-01-11,4194.0
2112,2019-01-12,4336.0
2113,2019-01-13,4104.0
2114,2019-01-14,3975.0
2115,2019-01-15,4222.0
2116,2019-01-16,4256.0
2117,2019-01-17,4254.0
2118,2019-01-18,4120.0
2119,2019-01-19,4248.0
2120,2019-01-20,4008.0
2121,2019-01-21,4064.0
2122,2019-01-22,3907.0
2123,2019-01-23,3851.0
2124,2019-01-24,4147.0
2125,2019-01-25,3984.0
2126,2019-01-26,4145.0
2127,2019-01-27,3474.0
2128,2019-01-28,4013.0
2129,2019-01-29,4179.0
2130,2019-01-30,4197.0
2131,2019-01-31,4295.0
2132,2019-02-01,4141.0
2133,2019-02-02,4284.0
2134,2019-02-03,4110.0
2135,2019-02-04,4194.0
2136,2019-02-05,4197.0
2137,2019-02-06,4059.0
2138,2019-02-07,4097.0
2139,2019-02-08,4013.0
2140,2019-02-09,4172.0
2141,2019-02-10,4008.0
2142,2019-02-11,3973.0
2143,2019-02-12,3902.0
2144,2019-02-13,3945.0
2145,2019-02-14,3933.0
2146,2019-02-15,3867.0
2147,2019-02-16,4049.0
2148,2019-02-17,3835.0
2149,2019-02-18,3975.0
2150,2019-02-19,3798.0
2151,2019-02-20,3904.0
2152,2019-02-21,3818.0
2153,2019-02-22,3819.0
2154,2019-02-23,3825.0
2155,2019-02-24,3634.0
2156,2019-02-25,3681.0
2157,2019-02-26,3597.0
2158,2019-02-27,3713.0
2159,2019-02-28,3844.0
2160,2019-03-01,3824.0
2161,2019-03-02,3952.0
2162,2019-03-03,3695.0
2163,2019-03-04,3743.0
2164,2019-03-05,3943.0
2165,2019-03-06,3668.0
2166,2019-03-07,3792.0
2167,2019-03-08,3602.0
2168,2019-03-09,3791.0
2169,2019-03-10,3440.0
2170,2019-03-11,3434.0
2171,2019-03-12,3529.0
2172,2019-03-13,3394.0
2173,2019-03-14,3557.0
2174,2019-03-15,3581.0
2175,2019-03-16,3745.0
2176,2019-03-17,3440.0
2177,2019-03-18,3378.0
2178,2019-03-19,3387.0
2179,2019-03-20,3445.0
2180,2019-03-21,3505.0
2181,2019-03-22,2278.0
2182,2019-03-23,3027.0
2183,2019-03-24,3071.0
2184,2019-03-25,3114.0
2185,2019-03-26,3273.0
2186,2019-03-27,3370.0
2187,2019-03-28,3409.0
2188,2019-03-29,3456.0
2189,2019-03-30,3706.0
2190,2019-03-31,3602.0
2191,2019-04-01,3238.0
2192,2019-04-02,3505.0
2193,2019-04-03,3598.0
2194,2019-04-04,3741.0
2195,2019-04-05,4023.0
2196,2019-04-06,4218.0
2197,2019-04-07,3876.0
2198,2019-04-08,3902.0
2199,2019-04-09,4119.0
2200,2019-04-10,4229.0
2201,2019-04-11,4304.0
2202,2019-04-12,4613.0
2203,2019-04-13,4507.0
2204,2019-04-14,4134.0
2205,2019-04-15,4163.0
2206,2019-04-16,4738.0
2207,2019-04-17,4472.0
2208,2019-04-18,3644.0
2209,2019-04-19,3671.0
2210,2019-04-20,3638.0
2211,2019-04-21,3696.0
2212,2019-04-22,3843.0
2213,2019-04-23,4525.0
2214,2019-04-24,4802.0
2215,2019-04-25,5243.0
2216,2019-04-26,5468.0
2217,2019-04-27,5270.0
2218,2019-04-28,4947.0
2219,2019-04-29,4886.0
2220,2019-04-30,5334.0
2221,2019-05-01,5634.0
2222,2019-05-02,5608.0
2223,2019-05-03,5715.0
2224,2019-05-04,5284.0
2225,2019-05-05,4836.0
2226,2019-05-06,4903.0
2227,2019-05-07,5209.0
2228,2019-05-08,5419.0
2229,2019-05-09,5598.0
2230,2019-05-10,5760.0
2231,2019-05-11,5792.0
2232,2019-05-12,5439.0
2233,2019-05-13,5438.0
2234,2019-05-14,5482.0
2235,2019-05-15,5482.0
2236,2019-05-16,5172.0
2237,2019-05-17,4904.0
2238,2019-05-18,4855.0
2239,2019-05-19,4199.0
2240,2019-05-20,4493.0
2241,2019-05-21,5165.0
2242,2019-05-22,5416.0
2243,2019-05-23,5527.0
2244,2019-05-24,5642.0
2245,2019-05-25,5052.0
2246,2019-05-26,5037.0
2247,2019-05-27,5097.0
2248,2019-05-28,5499.0
2249,2019-05-29,5701.0
2250,2019-05-30,5966.0
2251,2019-05-31,6207.0
2252,2019-06-01,6371.0
2253,2019-06-02,6386.0
2254,2019-06-03,6507.0
2255,2019-06-04,6526.0
2256,2019-06-05,6479.0
2257,2019-06-06,6401.0
2258,2019-06-07,6591.0
2259,2019-06-08,6400.0
2260,2019-06-09,6367.0
2261,2019-06-10,6293.0
2262,2019-06-11,6602.0
2263,2019-06-12,6711.0
2264,2019-06-13,6795.0
2265,2019-06-14,6731.0
2266,2019-06-15,6537.0
2267,2019-06-16,6515.0
2268,2019-06-17,6389.0
2269,2019-06-18,5920.0
2270,2019-06-19,4989.0
2271,2019-06-20,5172.0
2272,2019-06-21,5532.0
2273,2019-06-22,5889.0
2274,2019-06-23,5910.0
2275,2019-06-24,6113.0
2276,2019-06-25,5876.0
2277,2019-06-26,6393.0
2278,2019-06-27,6553.0
2279,2019-06-28,6469.0
2280,2019-06-29,6567.0
2281,2019-06-30,6664.0
2282,2019-07-01,6623.0
2283,2019-07-02,7135.0
2284,2019-07-03,7254.0
2285,2019-07-04,6977.0
2286,2019-07-05,6877.0
2287,2019-07-06,6118.0
2288,2019-07-07,5908.0
2289,2019-07-08,6192.0
2290,2019-07-09,6305.0
2291,2019-07-10,6172.0
2292,2019-07-11,6570.0
2293,2019-07-12,6826.0
2294,2019-07-13,6744.0
2295,2019-07-14,6643.0
2296,2019-07-15,6486.0
2297,2019-07-16,5965.0
2298,2019-07-17,5001.0
2299,2019-07-18,4826.0
2300,2019-07-19,4656.0
2301,2019-07-20,5699.0
2302,2019-07-21,5508.0
2303,2019-07-22,5184.0
2304,2019-07-23,5767.0
2305,2019-07-24,6444.0
2306,2019-07-25,6535.0
2307,2019-07-26,5632.0
2308,2019-07-27,5100.0
2309,2019-07-28,4666.0
2310,2019-07-29,5048.0
2311,2019-07-30,5548.0
2312,2019-07-31,5644.0
2313,2019-08-01,5748.0
2314,2019-08-02,5918.0
2315,2019-08-03,5790.0
2316,2019-08-04,5444.0
2317,2019-08-05,5526.0
2318,2019-08-06,5992.0
2319,2019-08-07,5696.0
2320,2019-08-08,5490.0
2321,2019-08-09,6090.0
2322,2019-08-10,5873.0
2323,2019-08-11,5408.0
2324,2019-08-12,5749.0
2325,2019-08-13,5673.0
2326,2019-08-14,5587.0
2327,2019-08-15,5425.0
2328,2019-08-16,5331.0
2329,2019-08-17,5073.0
2330,2019-08-18,4917.0
2331,2019-08-19,4408.0
2332,2019-08-20,5175.0
2333,2019-08-21,5353.0
2334,2019-08-22,5786.0
2335,2019-08-23,5509.0
2336,2019-08-24,5783.0
2337,2019-08-25,5616.0
2338,2019-08-26,4836.0
2339,2019-08-27,5612.0
2340,2019-08-28,6058.0
2341,2019-08-29,6254.0
2342,2019-08-30,6363.0
2343,2019-08-31,6391.0
2344,2019-09-01,6226.0
2345,2019-09-02,6097.0
2346,2019-09-03,6153.0
2347,2019-09-04,6323.0
2348,2019-09-05,6251.0
2349,2019-09-06,6155.0
2350,2019-09-07,6134.0
2351,2019-09-08,5838.0
2352,2019-09-09,6018.0
2353,2019-09-10,6231.0
2354,2019-09-11,6348.0
2355,2019-09-12,6575.0
2356,2019-09-13,6502.0
2357,2019-09-14,6334.0
2358,2019-09-15,6157.0
2359,2019-09-16,5795.0
2360,2019-09-17,6155.0
2361,2019-09-18,6027.0
2362,2019-09-19,5829.0
2363,2019-09-20,5526.0
2364,2019-09-21,5365.0
2365,2019-09-22,5244.0
2366,2019-09-23,4623.0
2367,2019-09-24,4613.0
2368,2019-09-25,4733.0
2369,2019-09-26,4851.0
2370,2019-09-27,4766.0
2371,2019-09-28,4682.0
2372,2019-09-29,4276.0
2373,2019-09-30,3909.0
2374,2019-10-01,4251.0
2375,2019-10-02,4424.0
2376,2019-10-03,3831.0
2377,2019-10-04,4549.0
2378,2019-10-05,4312.0
2379,2019-10-06,3925.0
2380,2019-10-07,3690.0
2381,2019-10-08,3943.0
2382,2019-10-09,3346.0
2383,2019-10-10,4012.0
2384,2019-10-11,4112.0
2385,2019-10-12,4087.0
2386,2019-10-13,3902.0
2387,2019-10-14,3731.0
2388,2019-10-15,3731.0
2389,2019-10-16,4268.0
2390,2019-10-17,4227.0
2391,2019-10-18,4276.0
2392,2019-10-19,4341.0
2393,2019-10-20,3907.0
2394,2019-10-21,3595.0
2395,2019-10-22,3889.0
2396,2019-10-23,3803.0
2397,2019-10-24,3782.0
2398,2019-10-25,3859.0
2399,2019-10-26,3810.0
2400,2019-10-27,3410.0
2401,2019-10-28,3006.0
2402,2019-10-29,2861.0
2403,2019-10-30,3119.0
2404,2019-10-31,3648.0
2405,2019-11-01,3464.0
2406,2019-11-02,3434.0
2407,2019-11-03,3251.0
2408,2019-11-04,3251.0
2409,2019-11-05,3512.0
2410,2019-11-06,3512.0
2411,2019-11-07,3560.0
2412,2019-11-08,3399.0
2413,2019-11-09,3393.0
2414,2019-11-10,3142.0
2415,2019-11-11,3083.0
2416,2019-11-12,3234.0
2417,2019-11-13,3217.0
2418,2019-11-14,3265.0
2419,2019-11-15,3265.0
2420,2019-11-16,3588.0
2421,2019-11-17,3230.0
2422,2019-11-18,3276.0
2423,2019-11-19,3272.0
2424,2019-11-20,3369.0
2425,2019-11-21,3369.0
2426,2019-11-22,3337.0
2427,2019-11-23,3484.0
2428,2019-11-24,3280.0
2429,2019-11-25,3330.0
2430,2019-11-26,3329.0
2431,2019-11-27,3374.0
2432,2019-11-28,3457.0
2433,2019-11-29,3384.0
2434,2019-11-30,3508.0
2435,2019-12-01,3358.0
2436,2019-12-02,3249.0
2437,2019-12-03,3420.0
2438,2019-12-04,3490.0
2439,2019-12-05,3583.0
2440,2019-12-06,3526.0
2441,2019-12-07,3696.0
2442,2019-12-08,3469.0
2443,2019-12-09,3548.0
2444,2019-12-10,3537.0
2445,2019-12-11,3607.0
2446,2019-12-12,3722.0
2447,2019-12-13,3645.0
2448,2019-12-14,3900.0
2449,2019-12-15,3817.0
2450,2019-12-16,3819.0
2451,2019-12-17,3868.0
2452,2019-12-18,4028.0
2453,2019-12-19,4162.0
2454,2019-12-20,4181.0
2455,2019-12-21,4486.0
2456,2019-12-22,4120.0
2457,2019-12-23,4028.0
2458,2019-12-24,4486.0
2459,2019-12-25,4477.0
2460,2019-12-26,4700.0
2461,2019-12-27,4740.0
2462,2019-12-28,4872.0
2463,2019-12-29,4630.0
2464,2019-12-30,4691.0
2465,2019-12-31,5001.0
2466,2020-01-01,5149.0
2467,2020-01-02,5210.0
2468,2020-01-03,4690.0
2469,2020-01-04,4728.0
2470,2020-01-05,4215.0
2471,2020-01-06,4182.0
2472,2020-01-07,4341.0
2473,2020-01-08,4338.0
2474,2020-01-09,4282.0
2475,2020-01-10,4586.0
2476,2020-01-11,4802.0
2477,2020-01-12,4522.0
2478,2020-01-13,4262.0
2479,2020-01-14,4392.0
2480,2020-01-15,4392.0
2481,2020-01-16,4500.0
2482,2020-01-17,4361.0
2483,2020-01-18,4590.0
2484,2020-01-19,4256.0
2485,2020-01-20,4566.0
2486,2020-01-21,4548.0
2487,2020-01-22,4442.0
2488,2020-01-23,4604.0
2489,2020-01-24,4382.0
2490,2020-01-25,4613.0
2491,2020-01-26,4267.0
2492,2020-01-27,3729.0
2493,2020-01-28,4191.0
2494,2020-01-29,4225.0
2495,2020-01-30,4323.0
2496,2020-01-31,4079.0
2497,2020-02-01,4401.0
2498,2020-02-02,4006.0
2499,2020-02-03,4188.0
2500,2020-02-04,4223.0
2501,2020-02-05,4083.0
2502,2020-02-06,4129.0
2503,2020-02-07,4193.0
2504,2020-02-08,4434.0
2505,2020-02-09,3687.0
2506,2020-02-10,4323.0
2507,2020-02-11,4052.0
2508,2020-02-12,4098.0
2509,2020-02-13,4149.0
2510,2020-02-14,3938.0
2511,2020-02-15,3938.0
2512,2020-02-16,3938.0
2513,2020-02-17,3813.0
2514,2020-02-18,3718.0
2515,2020-02-19,3816.0
2516,2020-02-20,3827.0
2517,2020-02-21,3693.0
2518,2020-02-22,4141.0
2519,2020-02-23,3592.0
2520,2020-02-24,3561.0
2521,2020-02-25,3587.0
2522,2020-02-26,4225.0
2523,2020-02-27,3563.0
2524,2020-02-28,3461.0
2525,2020-02-29,3599.0
2526,2020-03-01,3322.0
2527,2020-03-02,3326.0
2528,2020-03-03,3310.0
2529,2020-03-04,3406.0
2530,2020-03-05,3457.0
2531,2020-03-06,3475.0
2532,2020-03-07,3682.0
2533,2020-03-08,3517.0
2534,2020-03-09,3427.0
2535,2020-03-10,3524.0
2536,2020-03-11,2292.0
2537,2020-03-12,3121.0
2538,2020-03-13,3419.0
2539,2020-03-14,3493.0
2540,2020-03-15,3306.0
2541,2020-03-16,3322.0
2542,2020-03-17,3433.0
2543,2020-03-18,3420.0
2544,2020-03-19,3439.0
2545,2020-03-20,3413.0
2546,2020-03-21,3451.0
2547,2020-03-22,3215.0
2548,2020-03-23,2282.0
2549,2020-03-24,2448.0
2550,2020-03-25,2379.0
2551,2020-03-26,2419.0
2552,2020-03-27,2273.0
2553,2020-03-28,2425.0
2554,2020-03-29,2241.0
2555,2020-03-30,2241.0
2556,2020-03-31,2302.0
2557,2020-04-01,2302.0
2558,2020-04-02,2413.0
2559,2020-04-03,2294.0
2560,2020-04-04,2239.0
2561,2020-04-05,2139.0
2562,2020-04-06,2196.0
2563,2020-04-07,2193.0
2564,2020-04-08,2193.0
2565,2020-04-09,2193.0
2566,2020-04-10,2226.0
2567,2020-04-11,2300.0
2568,2020-04-12,2384.0
2569,2020-04-13,2719.0
2570,2020-04-14,3007.0
2571,2020-04-15,2997.0
2572,2020-04-16,2997.0
2573,2020-04-17,3160.0
2574,2020-04-18,3114.0
2575,2020-04-19,3082.0
2576,2020-04-20,2935.0
2577,2020-04-21,2729.0
2578,2020-04-22,2876.0
2579,2020-04-23,2853.0
2580,2020-04-24,2853.0
2581,2020-04-25,3048.0
2582,2020-04-26,3094.0
2583,2020-04-27,3072.0
2584,2020-04-28,2947.0
2585,2020-04-29,3174.0
2586,2020-04-30,3309.0
2587,2020-05-01,3309.0
2588,2020-05-02,3461.0
2589,2020-05-03,3471.0
2590,2020-05-04,3454.0
2591,2020-05-05,3398.0
2592,2020-05-06,3382.0
2593,2020-05-07,3388.0
2594,2020-05-08,3388.0
2595,2020-05-09,3745.0
2596,2020-05-10,4038.0
2597,2020-05-11,4029.0
2598,2020-05-12,3558.0
2599,2020-05-13,3747.0
2600,2020-05-14,3648.0
2601,2020-05-15,3667.0
2602,2020-05-16,3848.0
2603,2020-05-17,3848.0
2604,2020-05-18,3968.0
2605,2020-05-19,4079.0
2606,2020-05-20,4096.0
2607,2020-05-21,4216.0
2608,2020-05-22,4884.0
2609,2020-05-23,5003.0
2610,2020-05-24,5219.0
2611,2020-05-25,5219.0
2612,2020-05-26,5331.0
2613,2020-05-27,5421.0
2614,2020-05-28,5423.0
2615,2020-05-29,5403.0
2616,2020-05-30,4075.0
2617,2020-05-31,4096.0
2618,2020-06-01,3765.0
2619,2020-06-02,4037.0
2620,2020-06-03,4227.0
2621,2020-06-04,4186.0
2622,2020-06-05,4186.0
2623,2020-06-06,3895.0
2624,2020-06-07,4192.0
2625,2020-06-08,4583.0
2626,2020-06-09,4583.0
2627,2020-06-10,5095.0
2628,2020-06-11,5180.0
2629,2020-06-12,5514.0
2630,2020-06-13,5558.0
2631,2020-06-14,5500.0
2632,2020-06-15,5686.0
2633,2020-06-16,5860.0
2634,2020-06-17,5860.0
2635,2020-06-18,5981.0
2636,2020-06-19,6028.0
2637,2020-06-20,6236.0
2638,2020-06-21,6065.0
2639,2020-06-22,5214.0
2640,2020-06-23,5351.0
2641,2020-06-24,5318.0
2642,2020-06-25,5328.0
2643,2020-06-26,5371.0
2644,2020-06-27,5556.0
2645,2020-06-28,6086.0
2646,2020-06-29,6086.0
2647,2020-06-30,6234.0
2648,2020-07-01,5954.0
2649,2020-07-02,6164.0
2650,2020-07-03,6164.0
2651,2020-07-04,6291.0
2652,2020-07-05,5953.0
2653,2020-07-06,5079.0
2654,2020-07-07,5079.0
2655,2020-07-08,4894.0
2656,2020-07-09,5647.0
2657,2020-07-10,5740.0
2658,2020-07-11,5740.0
2659,2020-07-12,5507.0
2660,2020-07-13,5427.0
2661,2020-07-14,5414.0
2662,2020-07-15,5414.0
2663,2020-07-16,5414.0
2664,2020-07-17,5736.0
2665,2020-07-18,5611.0
2666,2020-07-19,5457.0
2667,2020-07-20,5030.0
2668,2020-07-21,5030.0
2669,2020-07-22,3866.0
2670,2020-07-23,3866.0
2671,2020-07-24,4453.0
2672,2020-07-25,4832.0
2673,2020-07-26,5278.0
2674,2020-07-27,5278.0
2675,2020-07-28,5410.0
2676,2020-07-29,6101.0
2677,2020-07-30,5938.0
2678,2020-07-31,5128.0
2679,2020-08-01,5128.0
2680,2020-08-02,5449.0
2681,2020-08-03,5415.0
2682,2020-08-04,5415.0
2683,2020-08-05,5708.0
2684,2020-08-06,5596.0
2685,2020-08-07,5582.0
2686,2020-08-08,5582.0
2687,2020-08-09,5722.0
2688,2020-08-10,5610.0
2689,2020-08-11,5459.0
2690,2020-08-12,5323.0
2691,2020-08-13,5009.0
2692,2020-08-14,5009.0
2693,2020-08-15,5152.0
2694,2020-08-16,5152.0
2695,2020-08-17,5177.0
2696,2020-08-18,4538.0
2697,2020-08-19,5025.0
2698,2020-08-20,4829.0
2699,2020-08-21,4105.0
2700,2020-08-22,4365.0
2701,2020-08-23,4438.0
2702,2020-08-24,4424.0
2703,2020-08-25,4474.0
2704,2020-08-26,4630.0
2705,2020-08-27,4866.0
2706,2020-08-28,5145.0
2707,2020-08-29,5091.0
2708,2020-08-30,4920.0
2709,2020-08-31,4796.0
2710,2020-09-01,4430.0
2711,2020-09-02,4785.0
2712,2020-09-03,5140.0
2713,2020-09-04,5294.0
2714,2020-09-05,5151.0
2715,2020-09-06,4932.0
2716,2020-09-07,4932.0
2717,2020-09-08,4877.0
2718,2020-09-09,5424.0
2719,2020-09-10,5424.0
2720,2020-09-11,5578.0
2721,2020-09-12,5644.0
2722,2020-09-13,5513.0
2723,2020-09-14,5762.0
2724,2020-09-15,5762.0
2725,2020-09-16,5922.0
2726,2020-09-17,6030.0
2727,2020-09-18,6040.0
2728,2020-09-19,6218.0
2729,2020-09-20,6073.0
2730,2020-09-21,5940.0
2731,2020-09-22,6044.0
2732,2020-09-23,5895.0
2733,2020-09-24,5763.0
2734,2020-09-25,5763.0
2735,2020-09-26,5607.0
2736,2020-09-27,5497.0
2737,2020-09-28,4832.0
2738,2020-09-29,4920.0
2739,2020-09-30,4861.0
2740,2020-10-01,4745.0
2741,2020-10-02,4765.0
2742,2020-10-03,4563.0
2743,2020-10-04,4324.0
2744,2020-10-05,4113.0
2745,2020-10-06,4251.0
2746,2020-10-07,4147.0
2747,2020-10-08,4237.0
2748,2020-10-09,4259.0
2749,2020-10-10,4204.0
2750,2020-10-11,4040.0
2751,2020-10-12,3764.0
2752,2020-10-13,4149.0
2753,2020-10-14,4231.0
2754,2020-10-15,4394.0
2755,2020-10-16,4186.0
2756,2020-10-17,4004.0
2757,2020-10-18,3412.0
2758,2020-10-19,3412.0
2759,2020-10-20,3780.0
2760,2020-10-21,3726.0
2761,2020-10-22,3793.0
2762,2020-10-23,3791.0
2763,2020-10-24,3462.0
2764,2020-10-25,3462.0
2765,2020-10-26,3001.0
2766,2020-10-27,3570.0
2767,2020-10-28,3570.0
2768,2020-10-29,3474.0
2769,2020-10-30,3503.0
2770,2020-10-31,3503.0
2771,2020-11-01,3229.0
2772,2020-11-02,3114.0
2773,2020-11-03,3364.0
2774,2020-11-04,3422.0
2775,2020-11-05,3605.0
2776,2020-11-06,3431.0
2777,2020-11-07,3546.0
2778,2020-11-08,3263.0
2779,2020-11-09,3315.0
2780,2020-11-10,3461.0
2781,2020-11-11,3472.0
2782,2020-11-12,3487.0
2783,2020-11-13,3395.0
2784,2020-11-14,3395.0
2785,2020-11-15,2865.0
2786,2020-11-16,3116.0
2787,2020-11-17,3115.0
2788,2020-11-18,3115.0
2789,2020-11-19,3371.0
2790,2020-11-20,3350.0
2791,2020-11-21,3566.0
2792,2020-11-22,3302.0
2793,2020-11-23,3373.0
2794,2020-11-24,3535.0
2795,2020-11-25,3541.0
2796,2020-11-26,3657.0
2797,2020-11-27,3470.0
2798,2020-11-28,3701.0
2799,2020-11-29,3378.0
2800,2020-11-30,3368.0
2801,2020-12-01,3368.0
2802,2020-12-02,3486.0
2803,2020-12-03,3633.0
2804,2020-12-04,3679.0
2805,2020-12-05,3679.0
2806,2020-12-06,3439.0
2807,2020-12-07,3445.0
2808,2020-12-08,3570.0
2809,2020-12-09,3516.0
2810,2020-12-10,3604.0
2811,2020-12-11,3492.0
2812,2020-12-12,3668.0
2813,2020-12-13,3297.0
2814,2020-12-14,3533.0
2815,2020-12-15,3533.0
2816,2020-12-16,3533.0
2817,2020-12-17,4135.0
2818,2020-12-18,4283.0
2819,2020-12-19,4584.0
2820,2020-12-20,4106.0
2821,2020-12-21,4023.0
2822,2020-12-22,4179.0
2823,2020-12-23,4222.0
2824,2020-12-24,4324.0
2825,2020-12-25,4222.0
2826,2020-12-26,4376.0
2827,2020-12-27,4042.0
2828,2020-12-28,4041.0
2829,2020-12-29,4229.0
2830,2020-12-30,4376.0
2831,2020-12-31,4608.0
2832,2021-01-01,4634.0
2833,2021-01-02,4918.0
2834,2021-01-03,4233.0
2835,2021-01-04,4413.0
2836,2021-01-05,4186.0
2837,2021-01-06,4305.0
2838,2021-01-07,4207.0
2839,2021-01-08,4503.0
2840,2021-01-09,4124.0
2841,2021-01-10,4184.0
2842,2021-01-11,4541.0
2843,2021-01-12,4628.0
2844,2021-01-13,4756.0
2845,2021-01-14,4723.0
2846,2021-01-15,4736.0
2847,2021-01-16,4456.0
2848,2021-01-17,4604.0
2849,2021-01-18,4727.0
2850,2021-01-19,4633.0
2851,2021-01-20,4735.0
2852,2021-01-21,4618.0
2853,2021-01-22,4854.0
2854,2021-01-23,4410.0
2855,2021-01-24,4490.0
2856,2021-01-25,4785.0
2857,2021-01-26,3801.0
2858,2021-01-27,4579.0
2859,2021-01-28,4564.0
2860,2021-01-29,4673.0
2861,2021-01-30,4344.0
2862,2021-01-31,4350.0
2863,2021-02-01,4385.0
2864,2021-02-02,4297.0
2865,2021-02-03,4244.0
2866,2021-02-04,4061.0
2867,2021-02-05,4420.0
2868,2021-02-06,4014.0
2869,2021-02-07,3970.0
2870,2021-02-08,4094.0
2871,2021-02-09,4089.0
2872,2021-02-10,3981.0
2873,2021-02-11,3851.0
2874,2021-02-12,4043.0
2875,2021-02-13,3804.0
2876,2021-02-14,3696.0
2877,2021-02-15,3718.0
2878,2021-02-16,3751.0
2879,2021-02-17,3691.0
2880,2021-02-18,3691.0
2881,2021-02-19,3855.0
2882,2021-02-20,3549.0
2883,2021-02-21,3513.0
2884,2021-02-22,3620.0
2885,2021-02-23,3539.0
2886,2021-02-24,3625.0
2887,2021-02-25,3536.0
2888,2021-02-26,3638.0
2889,2021-02-27,3638.0
2890,2021-02-28,3257.0
2891,2021-03-01,3404.0
2892,2021-03-02,3434.0
2893,2021-03-03,3494.0
2894,2021-03-04,3434.0
2895,2021-03-05,3607.0
2896,2021-03-06,3241.0
2897,2021-03-07,3209.0
2898,2021-03-08,3439.0
2899,2021-03-09,3528.0
2900,2021-03-10,3584.0
2901,2021-03-11,3534.0
2902,2021-03-12,3623.0
2903,2021-03-13,3287.0
2904,2021-03-14,3259.0
2905,2021-03-15,3498.0
2906,2021-03-16,3502.0
2907,2021-03-17,3570.0
2908,2021-03-18,3532.0
2909,2021-03-19,3705.0
2910,2021-03-20,3423.0
2911,2021-03-21,3295.0
2912,2021-03-22,3596.0
2913,2021-03-23,3591.0
2914,2021-03-24,3583.0
2915,2021-03-25,3496.0
2916,2021-03-26,3603.0
2917,2021-03-27,3332.0
2918,2021-03-28,3159.0
2919,2021-03-29,2728.0
2920,2021-03-30,3374.0
2921,2021-03-31,3570.0
2922,2021-04-01,3483.0
2923,2021-04-02,3503.0
2924,2021-04-03,3289.0
2925,2021-04-04,3215.0
2926,2021-04-05,3736.0
2927,2021-04-06,3861.0
2928,2021-04-07,3945.0
2929,2021-04-08,3805.0
2930,2021-04-09,3860.0
2931,2021-04-10,3553.0
2932,2021-04-11,3456.0
2933,2021-04-12,4012.0
2934,2021-04-13,4064.0
2935,2021-04-14,4013.0
2936,2021-04-15,4283.0
2937,2021-04-16,4282.0
2938,2021-04-17,3203.0
2939,2021-04-18,3315.0
2940,2021-04-19,3788.0
2941,2021-04-20,3491.0
2942,2021-04-21,2980.0
2943,2021-04-22,2986.0
2944,2021-04-23,2909.0
2945,2021-04-24,2746.0
2946,2021-04-25,2937.0
2947,2021-04-26,3228.0
2948,2021-04-27,3587.0
2949,2021-04-28,3818.0
2950,2021-04-29,3940.0
2951,2021-04-30,3936.0
2952,2021-05-01,3991.0
2953,2021-05-02,4023.0
2954,2021-05-03,4162.0
2955,2021-05-04,4237.0
2956,2021-05-05,4444.0
2957,2021-05-06,4418.0
2958,2021-05-07,3715.0
2959,2021-05-08,3822.0
2960,2021-05-09,3860.0
2961,2021-05-10,3826.0
2962,2021-05-11,3970.0
2963,2021-05-12,4010.0
2964,2021-05-13,3854.0
2965,2021-05-14,3775.0
2966,2021-05-15,3756.0
2967,2021-05-16,4045.0
2968,2021-05-17,4144.0
2969,2021-05-18,4161.0
2970,2021-05-19,3266.0
2971,2021-05-20,2693.0
2972,2021-05-21,2757.0
2973,2021-05-22,2913.0
2974,2021-05-23,2849.0
2975,2021-05-24,3202.0
2976,2021-05-25,3564.0
2977,2021-05-26,4004.0
2978,2021-05-27,4400.0
2979,2021-05-28,4824.0
2980,2021-05-29,4743.0
2981,2021-05-30,4500.0
2982,2021-05-31,4882.0
2983,2021-06-01,4596.0
2984,2021-06-02,4081.0
2985,2021-06-03,4686.0
2986,2021-06-04,4614.0
2987,2021-06-05,4010.0
2988,2021-06-06,4949.0
2989,2021-06-07,5519.0
2990,2021-06-08,5858.0
2991,2021-06-09,6270.0
2992,2021-06-10,6412.0
2993,2021-06-11,5819.0
2994,2021-06-12,5721.0
2995,2021-06-13,5057.0
2996,2021-06-14,5677.0
2997,2021-06-15,5771.0
2998,2021-06-16,5237.0
2999,2021-06-17,5265.0
3000,2021-06-18,5316.0
3001,2021-06-19,5066.0
3002,2021-06-20,4922.0
3003,2021-06-21,5676.0
3004,2021-06-22,5947.0
3005,2021-06-23,6316.0
3006,2021-06-24,6488.0
3007,2021-06-25,6013.0
3008,2021-06-26,5679.0
3009,2021-06-27,6069.0
3010,2021-06-28,6403.0
3011,2021-06-29,6522.0
3012,2021-06-30,6824.0
3013,2021-07-01,6937.0
3014,2021-07-02,7244.0
3015,2021-07-03,6103.0
3016,2021-07-04,5963.0
3017,2021-07-05,6437.0
3018,2021-07-06,6743.0
3019,2021-07-07,7045.0
3020,2021-07-08,7157.0
3021,2021-07-09,6781.0
3022,2021-07-10,6645.0
3023,2021-07-11,6559.0
3024,2021-07-12,6417.0
3025,2021-07-13,6088.0
3026,2021-07-14,5312.0
3027,2021-07-15,5667.0
3028,2021-07-16,6313.0
3029,2021-07-17,6253.0
3030,2021-07-18,6045.0
3031,2021-07-19,5357.0
3032,2021-07-20,4977.0
3033,2021-07-21,5275.0
3034,2021-07-22,5325.0
3035,2021-07-23,5536.0
3036,2021-07-24,5374.0
3037,2021-07-25,6007.0
3038,2021-07-26,5854.0
3039,2021-07-27,5585.0
3040,2021-07-28,4907.0
3041,2021-07-29,4894.0
3042,2021-07-30,4904.0
3043,2021-07-31,4933.0
3044,2021-08-01,4819.0
3045,2021-08-02,4866.0
3046,2021-08-03,5100.0
3047,2021-08-04,5223.0
3048,2021-08-05,5422.0
3049,2021-08-06,5677.0
3050,2021-08-07,5524.0
3051,2021-08-08,5060.0
3052,2021-08-09,5132.0
3053,2021-08-10,5546.0
3054,2021-08-11,5705.0
3055,2021-08-12,5903.0
3056,2021-08-13,5997.0
3057,2021-08-14,5897.0
3058,2021-08-15,5817.0
3059,2021-08-16,6337.0
3060,2021-08-17,6513.0
3061,2021-08-18,6453.0
3062,2021-08-19,6368.0
3063,2021-08-20,6082.0
3064,2021-08-21,4855.0
3065,2021-08-22,4813.0
3066,2021-08-23,5502.0
3067,2021-08-24,5766.0
3068,2021-08-25,5775.0
3069,2021-08-26,5559.0
3070,2021-08-27,5711.0
3071,2021-08-28,5602.0
3072,2021-08-29,5325.0
3073,2021-08-30,5129.0
3074,2021-08-31,4910.0
3075,2021-09-01,4288.0
3076,2021-09-02,4664.0
3077,2021-09-03,5130.0
3078,2021-09-04,4493.0
3079,2021-09-05,4819.0
3080,2021-09-06,5496.0
3081,2021-09-07,5481.0
3082,2021-09-08,5198.0
3083,2021-09-09,5101.0
3084,2021-09-10,5064.0
3085,2021-09-11,4517.0
3086,2021-09-12,4009.0
3087,2021-09-13,4820.0
3088,2021-09-14,4740.0
3089,2021-09-15,4838.0
3090,2021-09-16,4570.0
3091,2021-09-17,4449.0
3092,2021-09-18,4301.0
3093,2021-09-19,4567.0
3094,2021-09-20,5085.0
3095,2021-09-21,5209.0
3096,2021-09-22,4603.0
3097,2021-09-23,4811.0
3098,2021-09-24,4759.0
3099,2021-09-25,4376.0
3100,2021-09-26,4270.0
3101,2021-09-27,4877.0
3102,2021-09-28,5063.0
3103,2021-09-29,5118.0
3104,2021-09-30,5174.0
3105,2021-10-01,5150.0
3106,2021-10-02,4993.0
3107,2021-10-03,5053.0
3108,2021-10-04,5328.0
3109,2021-10-05,5349.0
3110,2021-10-06,5189.0
3111,2021-10-07,4979.0
3112,2021-10-08,4839.0
3113,2021-10-09,4569.0
3114,2021-10-10,4536.0
3115,2021-10-11,4683.0
3116,2021-10-12,4707.0
3117,2021-10-13,4382.0
3118,2021-10-14,4160.0
3119,2021-10-15,3517.0
3120,2021-10-16,4084.0
3121,2021-10-17,3784.0
3122,2021-10-18,3694.0
3123,2021-10-19,3644.0
3124,2021-10-20,3806.0
3125,2021-10-21,3750.0
3126,2021-10-22,3794.0
3127,2021-10-23,3574.0
3128,2021-10-24,3441.0
3129,2021-10-25,3467.0
3130,2021-10-26,3482.0
3131,2021-10-27,3501.0
3132,2021-10-28,3404.0
3133,2021-10-29,3524.0
3134,2021-10-30,3235.0
3135,2021-10-31,3180.0
3136,2021-11-01,3407.0
3137,2021-11-02,3424.0
3138,2021-11-03,3389.0
3139,2021-11-04,2710.0
3140,2021-11-05,2660.0
3141,2021-11-06,2869.0
3142,2021-11-07,2914.0
3143,2021-11-08,3261.0
3144,2021-11-09,3290.0
3145,2021-11-10,3425.0
3146,2021-11-11,3267.0
3147,2021-11-12,3502.0
3148,2021-11-13,3244.0
3149,2021-11-14,3260.0
3150,2021-11-15,3416.0
3151,2021-11-16,3396.0
3152,2021-11-17,3531.0
3153,2021-11-18,3477.0
3154,2021-11-19,3584.0
3155,2021-11-20,3359.0
3156,2021-11-21,3371.0
3157,2021-11-22,3463.0
3158,2021-11-23,3518.0
3159,2021-11-24,3554.0
3160,2021-11-25,3524.0
3161,2021-11-26,3756.0
3162,2021-11-27,3400.0
3163,2021-11-28,3450.0
3164,2021-11-29,3567.0
3165,2021-11-30,3538.0
3166,2021-12-01,3676.0
3167,2021-12-02,3673.0
3168,2021-12-03,3912.0
3169,2021-12-04,3498.0
3170,2021-12-05,3527.0
3171,2021-12-06,3608.0
3172,2021-12-07,3583.0
3173,2021-12-08,3714.0
3174,2021-12-09,3648.0
3175,2021-12-10,3899.0
3176,2021-12-11,3625.0
3177,2021-12-12,3625.0
3178,2021-12-13,3817.0
3179,2021-12-14,3823.0
3180,2021-12-15,3985.0
3181,2021-12-16,3926.0
3182,2021-12-17,4238.0
3183,2021-12-18,3980.0
3184,2021-12-19,4080.0
3185,2021-12-20,4327.0
3186,2021-12-21,4285.0
3187,2021-12-22,4424.0
3188,2021-12-23,4339.0
3189,2021-12-24,4548.0
3190,2021-12-25,4107.0
3191,2021-12-26,4044.0
3192,2021-12-27,4290.0
3193,2021-12-28,4171.0
3194,2021-12-29,4333.0
3195,2021-12-30,4218.0
3196,2021-12-31,4583.0
3197,2022-01-01,4470.0
3198,2022-01-02,4034.0
3199,2022-01-03,4467.0
3200,2022-01-04,4441.0
3201,2022-01-05,4322.0
3202,2022-01-06,4269.0
3203,2022-01-07,4559.0
3204,2022-01-08,3345.0
3205,2022-01-09,3760.0
3206,2022-01-10,4573.0
3207,2022-01-11,4505.0
3208,2022-01-12,4615.0
3209,2022-01-13,4577.0
3210,2022-01-14,5087.0
3211,2022-01-15,4045.0
3212,2022-01-16,4125.0
3213,2022-01-17,4823.0
3214,2022-01-18,4898.0
3215,2022-01-19,4950.0
3216,2022-01-20,4788.0
3217,2022-01-21,5040.0
3218,2022-01-22,3912.0
3219,2022-01-23,4151.0
3220,2022-01-24,4828.0
3221,2022-01-25,4918.0
3222,2022-01-26,4187.0
3223,2022-01-27,4708.0
3224,2022-01-28,4997.0
3225,2022-01-29,4330.0
3226,2022-01-30,4341.0
3227,2022-01-31,4489.0
3228,2022-02-01,4572.0
3229,2022-02-02,4648.0
3230,2022-02-03,4520.0
3231,2022-02-04,4796.0
3232,2022-02-05,4626.0
3233,2022-02-06,4236.0
3234,2022-02-07,4361.0
3235,2022-02-08,4116.0
3236,2022-02-09,4196.0
3237,2022-02-10,4117.0
3238,2022-02-11,4321.0
3239,2022-02-12,3930.0
3240,2022-02-13,3851.0
3241,2022-02-14,3939.0
3242,2022-02-15,3917.0
3243,2022-02-16,3985.0
3244,2022-02-17,3819.0
3245,2022-02-18,3959.0
3246,2022-02-19,3560.0
3247,2022-02-20,3649.0
3248,2022-02-21,3705.0
3249,2022-02-22,3756.0
3250,2022-02-23,3871.0
3251,2022-02-24,3759.0
3252,2022-02-25,3858.0
3253,2022-02-26,3545.0
3254,2022-02-27,3577.0
3255,2022-02-28,3667.0
3256,2022-03-01,3946.0
3257,2022-03-02,3624.0
3258,2022-03-03,3655.0
3259,2022-03-04,3796.0
3260,2022-03-05,3428.0
3261,2022-03-06,3532.0
3262,2022-03-07,3673.0
3263,2022-03-08,3574.0
3264,2022-03-09,3589.0
3265,2022-03-10,3594.0
3266,2022-03-11,3660.0
3267,2022-03-12,3394.0
3268,2022-03-13,3354.0
3269,2022-03-14,3572.0
3270,2022-03-15,3572.0
3271,2022-03-16,3572.0
3272,2022-03-17,3797.0
3273,2022-03-18,2865.0
3274,2022-03-19,3387.0
3275,2022-03-20,3498.0
3276,2022-03-21,4041.0
3277,2022-03-22,3954.0
3278,2022-03-23,4004.0
3279,2022-03-24,3977.0
3280,2022-03-25,4004.0
3281,2022-03-26,4004.0
3282,2022-03-27,3558.0
3283,2022-03-28,4025.0
3284,2022-03-29,4241.0
3285,2022-03-30,4445.0
3286,2022-03-31,4445.0
3287,2022-04-01,4416.0
3288,2022-04-02,4111.0
3289,2022-04-03,4184.0
3290,2022-04-04,4494.0
3291,2022-04-05,4590.0
3292,2022-04-06,4675.0
3293,2022-04-07,4857.0
3294,2022-04-08,4999.0
3295,2022-04-09,4803.0
3296,2022-04-10,4936.0
3297,2022-04-11,5390.0
3298,2022-04-12,5197.0
3299,2022-04-13,5224.0
3300,2022-04-14,5057.0
3301,2022-04-15,4975.0
3302,2022-04-16,4974.0
3303,2022-04-17,5146.0
3304,2022-04-18,5584.0
3305,2022-04-19,5628.0
3306,2022-04-20,5652.0
3307,2022-04-21,5632.0
3308,2022-04-22,5310.0
3309,2022-04-23,5082.0
3310,2022-04-24,5194.0
3311,2022-04-25,5525.0
3312,2022-04-26,5602.0
3313,2022-04-27,5739.0
3314,2022-04-28,5942.0
3315,2022-04-29,6096.0
3316,2022-04-30,5970.0
3317,2022-05-01,5993.0
3318,2022-05-02,6123.0
3319,2022-05-03,6127.0
3320,2022-05-04,6121.0
3321,2022-05-05,5371.0
3322,2022-05-06,5463.0
3323,2022-05-07,5426.0
3324,2022-05-08,5762.0
3325,2022-05-09,6057.0
3326,2022-05-10,6189.0
3327,2022-05-11,6520.0
3328,2022-05-12,6752.0
3329,2022-05-13,6781.0
3330,2022-05-14,6714.0
3331,2022-05-15,6631.0
3332,2022-05-16,6686.0
3333,2022-05-17,6679.0
3334,2022-05-18,6657.0
3335,2022-05-19,7008.0
3336,2022-05-20,6815.0
3337,2022-05-21,6412.0
3338,2022-05-22,5935.0
3339,2022-05-23,6052.0
3340,2022-05-24,4462.0
3341,2022-05-25,4771.0
3342,2022-05-26,5115.0
3343,2022-05-27,5680.0
3344,2022-05-28,6133.0
3345,2022-05-29,5967.0
3346,2022-05-30,6357.0
3347,2022-05-31,6115.0
3348,2022-06-01,6091.0
3349,2022-06-02,6442.0
3350,2022-06-03,6518.0
3351,2022-06-04,6543.0
3352,2022-06-05,6576.0
3353,2022-06-06,6576.0
3354,2022-06-07,6797.0
3355,2022-06-08,6824.0
3356,2022-06-09,7048.0
3357,2022-06-10,7089.0
3358,2022-06-11,6967.0
3359,2022-06-12,6935.0
3360,2022-06-13,7202.0
3361,2022-06-14,7139.0
3362,2022-06-15,7227.0
3363,2022-06-16,7187.0
3364,2022-06-17,6708.0
3365,2022-06-18,5325.0
3366,2022-06-19,5178.0
3367,2022-06-20,5010.0
3368,2022-06-21,5273.0
3369,2022-06-22,5536.0
3370,2022-06-23,5587.0
3371,2022-06-24,5614.0
3372,2022-06-25,5790.0
3373,2022-06-26,6700.0
3374,2022-06-27,7168.0
3375,2022-06-28,7528.0
3376,2022-06-29,7770.0
3377,2022-06-30,7130.0
3378,2022-07-01,5289.0
3379,2022-07-02,5651.0
3380,2022-07-03,5918.0
3381,2022-07-04,6580.0
3382,2022-07-05,6983.0
3383,2022-07-06,7279.0
3384,2022-07-07,7284.0
3385,2022-07-08,7411.0
3386,2022-07-09,7181.0
3387,2022-07-10,6133.0
3388,2022-07-11,6528.0
3389,2022-07-12,6318.0
3390,2022-07-13,6257.0
3391,2022-07-14,6173.0
3392,2022-07-15,6773.0
3393,2022-07-16,6681.0
3394,2022-07-17,6046.0
3395,2022-07-18,6847.0
3396,2022-07-19,6816.0
3397,2022-07-20,6571.0
3398,2022-07-21,5821.0
3399,2022-07-22,5691.0
3400,2022-07-23,5485.0
3401,2022-07-24,5655.0
3402,2022-07-25,5770.0
3403,2022-07-26,5876.0
3404,2022-07-27,5897.0
3405,2022-07-28,5692.0
3406,2022-07-29,5479.0
3407,2022-07-30,4978.0
3408,2022-07-31,5070.0
3409,2022-08-01,5468.0
3410,2022-08-02,6089.0
3411,2022-08-03,5967.0
3412,2022-08-04,5814.0
3413,2022-08-05,5481.0
3414,2022-08-06,5578.0
3415,2022-08-07,5421.0
3416,2022-08-08,5776.0
3417,2022-08-09,6233.0
3418,2022-08-10,6388.0
3419,2022-08-11,6328.0
3420,2022-08-12,5873.0
3421,2022-08-13,5866.0
3422,2022-08-14,5792.0
3423,2022-08-15,5148.0
3424,2022-08-16,5096.0
3425,2022-08-17,5486.0
3426,2022-08-18,5808.0
3427,2022-08-19,5711.0
3428,2022-08-20,5647.0
3429,2022-08-21,6064.0
3430,2022-08-22,6267.0
3431,2022-08-23,6111.0
3432,2022-08-24,5783.0
3433,2022-08-25,5862.0
3434,2022-08-26,6100.0
3435,2022-08-27,5910.0
3436,2022-08-28,5945.0
3437,2022-08-29,5945.0
3438,2022-08-30,5866.0
3439,2022-08-31,6253.0
3440,2022-09-01,6479.0
3441,2022-09-02,6440.0
3442,2022-09-03,6298.0
3443,2022-09-04,6288.0
3444,2022-09-05,6429.0
3445,2022-09-06,6488.0
3446,2022-09-07,6482.0
3447,2022-09-08,6634.0
3448,2022-09-09,6614.0
3449,2022-09-10,6542.0
3450,2022-09-11,6272.0
3451,2022-09-12,6444.0
3452,2022-09-13,6282.0
3453,2022-09-14,5947.0
3454,2022-09-15,5947.0
3455,2022-09-16,5947.0
3456,2022-09-17,4746.0
3457,2022-09-18,5094.0
3458,2022-09-19,5318.0
3459,2022-09-20,5332.0
3460,2022-09-21,5167.0
3461,2022-09-22,4718.0
3462,2022-09-23,4573.0
3463,2022-09-24,4146.0
3464,2022-09-25,3987.0
3465,2022-09-26,4612.0
3466,2022-09-27,4771.0
3467,2022-09-28,4896.0
3468,2022-09-29,5018.0
3469,2022-09-30,5062.0
3470,2022-10-01,4722.0
3471,2022-10-02,4510.0
3472,2022-10-03,4803.0
3473,2022-10-04,4944.0
3474,2022-10-05,4693.0
3475,2022-10-06,4616.0
3476,2022-10-07,4450.0
3477,2022-10-08,3795.0
3478,2022-10-09,3422.0
3479,2022-10-10,3422.0
3480,2022-10-11,3874.0
3481,2022-10-12,4013.0
3482,2022-10-13,3995.0
3483,2022-10-14,4001.0
3484,2022-10-15,3668.0
3485,2022-10-16,3470.0
3486,2022-10-17,4003.0
3487,2022-10-18,3954.0
3488,2022-10-19,4015.0
3489,2022-10-20,4047.0
3490,2022-10-21,4043.0
3491,2022-10-22,3765.0
3492,2022-10-23,3279.0
3493,2022-10-24,2994.0
3494,2022-10-25,3108.0
3495,2022-10-26,3047.0
3496,2022-10-27,3429.0
3497,2022-10-28,3663.0
3498,2022-10-29,3466.0
3499,2022-10-30,3237.0
3500,2022-10-31,3556.0
3501,2022-11-01,3663.0
3502,2022-11-02,3721.0
3503,2022-11-03,3725.0
3504,2022-11-04,3847.0
3505,2022-11-05,3646.0
3506,2022-11-06,3504.0
3507,2022-11-07,3767.0
3508,2022-11-08,3752.0
3509,2022-11-09,3713.0
3510,2022-11-10,3831.0
3511,2022-11-11,3756.0
3512,2022-11-12,3469.0
3513,2022-11-13,3364.0
3514,2022-11-14,3539.0
3515,2022-11-15,3525.0
3516,2022-11-16,3576.0
3517,2022-11-17,3528.0
3518,2022-11-18,3717.0
3519,2022-11-19,3439.0
3520,2022-11-20,3554.0
3521,2022-11-21,3529.0
3522,2022-11-22,3591.0
3523,2022-11-23,3614.0
3524,2022-11-24,3560.0
3525,2022-11-25,3678.0
3526,2022-11-26,3525.0
3527,2022-11-27,3608.0
3528,2022-11-28,3581.0
3529,2022-11-29,3617.0
3530,2022-11-30,3751.0
3531,2022-12-01,3642.0
3532,2022-12-02,3820.0
3533,2022-12-03,3650.0
3534,2022-12-04,3346.0
3535,2022-12-05,3662.0
3536,2022-12-06,3766.0
3537,2022-12-07,3834.0
3538,2022-12-08,3604.0
3539,2022-12-09,3939.0
3540,2022-12-10,3779.0
3541,2022-12-11,3809.0
3542,2022-12-12,3794.0
3543,2022-12-13,3829.0
3544,2022-12-14,3942.0
3545,2022-12-15,3860.0
3546,2022-12-16,4084.0
3547,2022-12-17,3814.0
3548,2022-12-18,4057.0
3549,2022-12-19,3867.0
3550,2022-12-20,4070.0
3551,2022-12-21,4256.0
3552,2022-12-22,4242.0
3553,2022-12-23,4560.0
3554,2022-12-24,4284.0
3555,2022-12-25,4485.0
3556,2022-12-26,4691.0
3557,2022-12-27,4675.0
3558,2022-12-28,4868.0
3559,2022-12-29,4686.0
3560,2022-12-30,4841.0
3561,2022-12-31,4455.0
3562,2023-01-01,4588.0
3563,2023-01-02,4580.0
3564,2023-01-03,4826.0
3565,2023-01-04,5040.0
3566,2023-01-05,5225.0
3567,2023-01-06,5399.0
3568,2023-01-07,5091.0
3569,2023-01-08,5137.0
3570,2023-01-09,5466.0
3571,2023-01-10,5385.0
3572,2023-01-11,5376.0
3573,2023-01-12,5080.0
3574,2023-01-13,5050.0
3575,2023-01-14,4733.0
3576,2023-01-15,4785.0
3577,2023-01-16,4878.0
3578,2023-01-17,5001.0
3579,2023-01-18,5079.0
3580,2023-01-19,4828.0
3581,2023-01-20,4863.0
3582,2023-01-21,4482.0
3583,2023-01-22,4541.0
3584,2023-01-23,4396.0
3585,2023-01-24,4380.0
3586,2023-01-25,4475.0
3587,2023-01-26,3943.0
3588,2023-01-27,4646.0
3589,2023-01-28,4358.0
3590,2023-01-29,4433.0
3591,2023-01-30,4570.0
3592,2023-01-31,4611.0
3593,2023-02-01,4557.0
3594,2023-02-02,4406.0
3595,2023-02-03,4584.0
3596,2023-02-04,4107.0
3597,2023-02-05,4197.0
3598,2023-02-06,4037.0
3599,2023-02-07,4064.0
3600,2023-02-08,4078.0
3601,2023-02-09,3967.0
3602,2023-02-10,4021.0
3603,2023-02-11,3836.0
3604,2023-02-12,3794.0
3605,2023-02-13,3883.0
3606,2023-02-14,4001.0
3607,2023-02-15,4053.0
3608,2023-02-16,3811.0
3609,2023-02-17,3998.0
3610,2023-02-18,3921.0
3611,2023-02-19,3600.0
3612,2023-02-20,3660.0
3613,2023-02-21,3748.0
3614,2023-02-22,3855.0
3615,2023-02-23,3663.0
3616,2023-02-24,3932.0
3617,2023-02-25,3541.0
3618,2023-02-26,3512.0
3619,2023-02-27,3710.0
3620,2023-02-28,3684.0
3621,2023-03-01,3707.0
3622,2023-03-02,3694.0
3623,2023-03-03,3797.0
3624,2023-03-04,3562.0
3625,2023-03-05,3450.0
3626,2023-03-06,3610.0
3627,2023-03-07,3619.0
3628,2023-03-08,2444.0
3629,2023-03-09,3187.0
3630,2023-03-10,3578.0
3631,2023-03-11,3387.0
3632,2023-03-12,3363.0
3633,2023-03-13,3623.0
3634,2023-03-14,3744.0
3635,2023-03-15,3725.0
3636,2023-03-16,3752.0
3637,2023-03-17,3884.0
3638,2023-03-18,3509.0
3639,2023-03-19,3424.0
3640,2023-03-20,3633.0
3641,2023-03-21,3559.0
3642,2023-03-22,3845.0
3643,2023-03-23,3631.0
3644,2023-03-24,3802.0
3645,2023-03-25,3480.0
3646,2023-03-26,3335.0
3647,2023-03-27,3566.0
3648,2023-03-28,3642.0
3649,2023-03-29,3648.0
3650,2023-03-30,3518.0
3651,2023-03-31,3699.0
3652,2023-04-01,3411.0
3653,2023-04-02,3360.0
3654,2023-04-03,3588.0
3655,2023-04-04,3550.0
3656,2023-04-05,3666.0
3657,2023-04-06,3632.0
3658,2023-04-07,3766.0
3659,2023-04-08,3544.0
3660,2023-04-09,3409.0
3661,2023-04-10,3812.0
3662,2023-04-11,3908.0
3663,2023-04-12,4126.0
3664,2023-04-13,4276.0
3665,2023-04-14,4305.0
3666,2023-04-15,4291.0
3667,2023-04-16,4371.0
3668,2023-04-17,5059.0
3669,2023-04-18,5324.0
3670,2023-04-19,5232.0
3671,2023-04-20,5028.0
3672,2023-04-21,4680.0
3673,2023-04-22,4310.0
3674,2023-04-23,3934.0
3675,2023-04-24,4082.0
3676,2023-04-25,4174.0
3677,2023-04-26,4445.0
3678,2023-04-27,4626.0
3679,2023-04-28,4395.0
3680,2023-04-29,4048.0
3681,2023-04-30,3791.0
3682,2023-05-01,3607.0
3683,2023-05-02,3682.0
3684,2023-05-03,3944.0
3685,2023-05-04,3670.0
3686,2023-05-05,3940.0
3687,2023-05-06,3826.0
3688,2023-05-07,3816.0
3689,2023-05-08,4460.0
3690,2023-05-09,4518.0
3691,2023-05-10,4595.0
3692,2023-05-11,4808.0
3693,2023-05-12,5145.0
3694,2023-05-13,5197.0
3695,2023-05-14,5188.0
3696,2023-05-15,5661.0
3697,2023-05-16,5691.0
3698,2023-05-17,5867.0
3699,2023-05-18,5593.0
3700,2023-05-19,5458.0
3701,2023-05-20,5391.0
3702,2023-05-21,5948.0
3703,2023-05-22,6427.0
3704,2023-05-23,6785.0
3705,2023-05-24,6142.0
3706,2023-05-25,5569.0
3707,2023-05-26,4991.0
3708,2023-05-27,5051.0
3709,2023-05-28,4780.0
3710,2023-05-29,4782.0
3711,2023-05-30,4871.0
3712,2023-05-31,4462.0
